Date,Open,High,Low,Last,Change,Settle,Volume,Previous Day Open Interest
2020-01-31,52.9,53.35,50.975,51.65,0.58,51.56,32205.0,3222.0
2020-01-30,53.075,53.2,51.65,52.95,1.19,52.14,22300.0,3166.0
2020-01-29,54.0,54.35,52.8,53.075,0.15,53.33,24008.0,3579.0
2020-01-28,52.8,54.05,52.675,54.025,0.34,53.48,19936.0,3613.0
2020-01-27,53.7,53.7,52.15,52.8,1.05,53.14,24364.0,3591.0
2020-01-24,55.7,55.95,53.875,54.15,1.4,54.19,19154.0,3351.0
2020-01-23,56.125,56.275,54.775,55.7,1.15,55.59,24048.0,3243.0
2020-01-22,58.275,58.375,56.075,56.075,1.64,56.74,18746.0,2612.0
2020-01-21,59.275,59.7,57.7,58.275,0.2,58.38,21877.0,2206.0
2020-01-17,58.575,59.0,58.3,58.575,0.02,58.54,1360.0,2568.0
2020-01-16,58.075,58.875,57.575,58.625,0.71,58.52,9120.0,3058.0
2020-01-15,58.15,58.35,57.375,58.1,0.42,57.81,13747.0,3405.0
2020-01-14,58.075,58.725,57.7,58.15,0.15,58.23,14494.0,3585.0
2020-01-13,59.1,59.275,57.9,58.05,0.96,58.08,15520.0,3464.0
2020-01-10,59.6,59.775,58.85,59.1,0.52,59.04,16432.0,3280.0
2020-01-09,60.025,60.3,58.65,59.6,0.05,59.56,20488.0,3136.0
2020-01-08,62.8,65.65,59.125,60.0,3.09,59.61,57069.0,2799.0
2020-01-07,62.9,63.15,62.1,62.7,0.57,62.7,17195.0,2805.0
2020-01-06,63.625,64.7,62.65,62.825,0.22,63.27,21040.0,2528.0
2020-01-03,61.175,64.1,61.125,63.075,1.87,63.05,31247.0,2538.0
2020-01-02,61.525,61.575,60.65,61.2,0.12,61.18,13250.0,2403.0
2019-12-31,61.65,61.9,60.625,61.175,0.62,61.06,14193.0,2777.0
2019-12-30,61.725,62.35,61.075,61.675,0.04,61.68,10774.0,2758.0
2019-12-27,61.775,61.975,61.25,61.7,0.04,61.72,10003.0,3030.0
2019-12-26,61.25,61.825,61.05,61.725,0.57,61.68,7704.0,2833.0
2019-12-24,60.6,61.175,60.475,61.175,0.59,61.11,5644.0,2625.0
2019-12-23,60.4,60.75,60.1,60.65,0.08,60.52,7859.0,2467.0
2019-12-20,61.075,61.2,60.025,60.325,0.74,60.44,13522.0,2805.0
2019-12-19,60.775,61.375,60.7,61.075,0.33,61.18,9813.0,2703.0
2019-12-18,60.5,61.175,60.3,60.95,0.01,60.93,1466.0,2267.0
2019-12-17,60.25,61.05,60.025,60.45,0.73,60.94,7042.0,2501.0
2019-12-16,59.825,60.35,59.75,60.225,0.14,60.21,8213.0,2515.0
2019-12-13,59.3,60.475,59.25,59.775,0.89,60.07,16689.0,2594.0
2019-12-12,58.9,59.75,58.75,59.3,0.42,59.18,13194.0,2424.0
2019-12-11,59.075,59.225,58.125,58.8,0.48,58.76,16293.0,2407.0
2019-12-10,58.9,59.525,58.525,59.125,0.22,59.24,14676.0,2427.0
2019-12-09,59.175,59.325,58.225,58.9,0.18,59.02,13626.0,2484.0
2019-12-06,58.3,59.85,57.7,59.2,0.77,59.2,21711.0,2635.0
2019-12-05,58.325,59.125,58.1,58.325,,58.43,21621.0,2730.0
2019-12-04,56.425,58.675,56.3,58.375,2.33,58.43,21461.0,2050.0
2019-12-03,55.95,56.8,55.35,56.325,0.14,56.1,18057.0,2092.0
2019-12-02,55.475,56.675,55.4,56.0,0.79,55.96,18946.0,2629.0
2019-11-29,58.15,58.3,55.025,55.4,2.94,55.17,24154.0,2152.0
2019-11-27,58.275,58.675,57.525,58.15,0.3,58.11,13802.0,2370.0
2019-11-26,57.875,58.55,57.75,58.35,0.4,58.41,14297.0,2269.0
2019-11-25,57.925,58.15,57.225,57.9,0.24,58.01,14604.0,2381.0
2019-11-22,58.3,58.75,57.525,57.975,0.81,57.77,16109.0,3031.0
2019-11-21,57.0,58.675,56.6,58.325,1.57,58.58,18114.0,2254.0
2019-11-20,55.3,57.375,54.875,57.075,1.66,57.01,21627.0,2056.0
2019-11-19,56.85,57.1,55.05,55.225,1.84,55.21,1320.0,1981.0
2019-11-18,57.875,58.075,56.55,56.825,0.67,57.05,9280.0,2575.0
2019-11-15,56.875,57.975,56.425,57.925,0.95,57.72,13703.0,2699.0
2019-11-14,57.4,57.775,56.625,56.925,0.35,56.77,15084.0,2814.0
2019-11-13,56.725,57.525,56.225,57.4,0.32,57.12,15429.0,2587.0
2019-11-12,56.875,57.55,56.55,56.775,0.06,56.8,15628.0,2618.0
2019-11-11,57.325,57.375,56.25,56.9,0.38,56.86,13347.0,2582.0
2019-11-08,57.075,57.475,55.75,57.475,0.09,57.24,18810.0,2714.0
2019-11-07,56.35,57.9,56.275,57.075,0.8,57.15,19886.0,2911.0
2019-11-06,57.25,57.85,56.1,56.375,0.88,56.35,21452.0,2803.0
2019-11-05,56.55,57.5,56.3,57.3,0.69,57.23,15307.0,2567.0
2019-11-04,56.375,57.425,55.825,56.5,0.34,56.54,16114.0,2336.0
2019-11-01,54.15,56.325,54.075,56.2,2.02,56.2,19239.0,2658.0
2019-10-31,54.925,55.6,53.725,54.15,0.88,54.18,19464.0,2451.0
2019-10-30,55.5,55.725,54.425,54.9,0.48,55.06,20634.0,2340.0
2019-10-29,55.75,55.9,54.6,55.475,0.27,55.54,15307.0,2066.0
2019-10-28,56.65,56.925,55.6,55.75,0.85,55.81,20749.0,2230.0
2019-10-25,56.05,56.75,55.625,56.65,0.43,56.66,14350.0,2420.0
2019-10-24,55.875,56.5,55.425,56.1,0.26,56.23,16267.0,2678.0
2019-10-23,54.35,56.075,53.625,55.9,1.49,55.97,20523.0,1964.0
2019-10-22,53.6,54.8,53.25,54.325,0.97,54.48,16939.0,2026.0
2019-10-21,53.625,54.025,52.75,53.275,0.47,53.31,1060.0,3438.0
2019-10-18,54.05,54.625,53.35,53.675,0.15,53.78,9217.0,3800.0
2019-10-17,53.025,54.15,52.625,54.125,0.57,53.93,15785.0,3888.0
2019-10-16,52.925,53.75,52.5,52.975,0.55,53.36,15963.0,4082.0
2019-10-15,53.525,53.8,52.4,52.9,0.78,52.81,18278.0,4024.0
2019-10-14,54.925,54.95,52.775,53.5,1.11,53.59,18016.0,4070.0
2019-10-11,53.85,54.95,53.625,54.925,1.15,54.7,25041.0,4138.0
2019-10-10,52.675,53.975,51.4,53.875,0.96,53.55,18976.0,4022.0
2019-10-09,52.5,53.75,52.325,52.625,0.04,52.59,19583.0,4089.0
2019-10-08,52.8,53.275,51.825,52.6,0.12,52.63,21052.0,4096.0
2019-10-07,52.7,54.05,52.575,52.775,0.06,52.75,18720.0,4102.0
2019-10-04,52.4,53.35,52.025,53.0,0.36,52.81,21624.0,3821.0
2019-10-03,52.45,52.9,51.0,52.3,0.19,52.45,23000.0,3757.0
2019-10-02,53.975,54.425,52.175,52.45,0.98,52.64,20559.0,3535.0
2019-10-01,54.275,54.825,53.05,54.0,0.45,53.62,18327.0,3782.0
2019-09-30,56.5,56.6,53.975,54.225,1.84,54.07,20730.0,3300.0
2019-09-27,56.525,56.75,54.75,56.175,0.5,55.91,27620.0,3247.0
2019-09-26,56.675,56.825,55.4,56.525,0.08,56.41,18081.0,2970.0
2019-09-25,56.775,57.025,55.55,56.65,0.8,56.49,21760.0,2258.0
2019-09-24,58.475,58.5,56.7,56.8,1.35,57.29,22070.0,2365.0
2019-09-23,59.1,59.4,57.375,58.475,0.55,58.64,22582.0,2224.0
2019-09-20,58.65,59.25,57.95,58.425,0.1,58.09,26589.0,2173.0
2019-09-19,58.175,59.5,58.025,58.125,0.02,58.13,1376.0,1619.0
2019-09-18,58.8,59.425,57.675,58.275,1.23,58.11,14316.0,2029.0
2019-09-17,61.975,62.575,58.475,58.75,3.56,59.34,68007.0,2564.0
2019-09-16,59.775,63.425,58.775,61.9,8.05,62.9,73835.0,2437.0
2019-09-13,55.1,55.675,54.45,54.775,0.24,54.85,18610.0,2451.0
2019-09-12,55.95,56.35,54.0,55.1,0.66,55.09,30234.0,2507.0
2019-09-11,57.925,58.275,55.6,55.95,1.65,55.75,25659.0,2916.0
2019-09-10,58.05,58.775,57.2,57.9,0.45,57.4,22024.0,3238.0
2019-09-09,56.675,58.175,56.6,58.025,1.33,57.85,15893.0,2961.0
2019-09-06,56.2,56.95,54.85,56.625,0.22,56.52,20571.0,2705.0
2019-09-05,55.975,57.775,55.75,56.175,0.04,56.3,21082.0,2561.0
2019-09-04,53.9,56.575,53.825,56.0,2.32,56.26,18672.0,2384.0
2019-09-03,55.0,55.25,52.85,53.9,1.16,53.94,27118.0,2027.0
2019-08-30,56.625,56.725,54.575,55.15,1.61,55.1,20420.0,2087.0
2019-08-29,55.875,56.875,55.425,56.6,0.93,56.71,18732.0,2212.0
2019-08-28,55.675,56.8,55.325,55.9,0.85,55.78,20450.0,2068.0
2019-08-27,53.8,55.725,53.7,55.675,1.29,54.93,19550.0,1848.0
2019-08-26,53.3,55.275,52.975,53.775,0.53,53.64,22833.0,1795.0
2019-08-23,55.375,55.6,53.25,53.925,1.18,54.17,34592.0,1638.0
2019-08-22,55.85,56.475,54.875,55.375,0.33,55.35,18587.0,1676.0
2019-08-21,56.075,57.15,55.55,55.85,0.45,55.68,20794.0,1473.0
2019-08-20,56.1,56.6,55.175,56.125,0.01,56.13,20038.0,1322.0
2019-08-19,54.95,56.225,54.875,56.225,1.34,56.21,1195.0,1756.0
2019-08-16,54.8,55.675,54.25,54.925,0.4,54.87,9275.0,2201.0
2019-08-15,54.85,55.325,53.775,54.7,0.76,54.47,20063.0,1923.0
2019-08-14,56.7,56.875,53.975,54.95,1.87,55.23,23719.0,1912.0
2019-08-13,54.7,57.475,54.2,56.7,2.17,57.1,25806.0,1836.0
2019-08-12,54.325,55.2,53.55,54.775,0.43,54.93,14982.0,1717.0
2019-08-09,52.85,54.9,52.375,54.2,1.96,54.5,19266.0,1731.0
2019-08-08,52.325,53.075,51.925,52.9,1.45,52.54,21055.0,2029.0
2019-08-07,53.425,53.775,50.525,52.325,2.54,51.09,37350.0,2007.0
2019-08-06,54.875,55.425,53.275,53.5,1.06,53.63,23079.0,1985.0
2019-08-05,55.3,55.6,54.225,54.975,0.97,54.69,27232.0,2127.0
2019-08-02,54.55,56.05,54.15,55.25,1.71,55.66,31281.0,2361.0
2019-08-01,57.875,58.0,53.6,54.5,4.63,53.95,37935.0,1840.0
2019-07-31,58.325,58.825,57.8,57.925,0.53,58.58,24340.0,1945.0
2019-07-30,57.05,58.5,56.975,58.35,1.18,58.05,20358.0,1988.0
2019-07-29,56.225,57.1,55.825,57.05,0.67,56.87,21862.0,2057.0
2019-07-26,55.925,56.575,55.675,56.2,0.18,56.2,17591.0,2149.0
2019-07-25,55.95,56.975,55.8,55.925,0.14,56.02,19361.0,2462.0
2019-07-24,57.2,57.65,55.325,55.925,0.89,55.88,31525.0,2526.0
2019-07-23,56.125,57.5,55.75,57.175,0.55,56.77,22880.0,2226.0
2019-07-22,56.2,57.05,55.825,56.225,0.46,56.22,25525.0,2155.0
2019-07-19,55.7,56.35,55.0,55.6,0.33,55.63,1559.0,1956.0
2019-07-18,56.675,57.3,54.75,55.625,1.48,55.3,19660.0,2599.0
2019-07-17,57.575,58.375,56.225,56.575,0.84,56.78,23875.0,3264.0
2019-07-16,59.3,60.05,57.075,57.525,1.96,57.62,30802.0,3611.0
2019-07-15,60.275,60.925,59.225,59.35,0.63,59.58,20448.0,3457.0
2019-07-12,60.425,60.75,59.925,60.4,0.01,60.21,17128.0,3587.0
2019-07-11,60.4,60.925,60.15,60.425,0.23,60.2,19453.0,3878.0
2019-07-10,58.375,60.55,58.35,60.275,2.6,60.43,22506.0,3942.0
2019-07-09,57.575,58.95,57.3,58.35,0.17,57.83,17903.0,4193.0
2019-07-08,57.75,58.475,57.3,57.55,0.15,57.66,18425.0,4331.0
2019-07-05,57.325,57.825,56.3,57.75,0.17,57.51,26003.0,4381.0
2019-07-03,56.425,57.45,56.05,57.4,1.09,57.34,21848.0,4559.0
2019-07-02,59.225,59.45,56.1,56.35,2.84,56.25,34537.0,4358.0
2019-07-01,59.25,60.275,58.35,59.2,0.62,59.09,23177.0,4294.0
2019-06-28,59.225,59.8,57.75,58.175,0.96,58.47,21698.0,4337.0
2019-06-27,59.225,59.725,58.6,59.275,0.05,59.43,18133.0,4319.0
2019-06-26,58.775,59.925,58.65,59.2,1.55,59.38,23668.0,4357.0
2019-06-25,57.775,58.825,57.2,58.7,0.07,57.83,25072.0,4949.0
2019-06-24,57.725,58.225,56.75,57.75,0.47,57.9,21629.0,4099.0
2019-06-21,57.225,57.975,56.65,57.625,0.36,57.43,23612.0,4225.0
2019-06-20,54.375,57.35,54.35,57.15,3.1,57.07,31019.0,3099.0
2019-06-19,54.075,54.375,53.3,53.7,0.14,53.76,1591.0,1586.0
2019-06-18,51.95,54.3,51.5,54.1,1.97,53.9,17172.0,2327.0
2019-06-17,52.475,52.75,51.6,51.925,0.58,51.93,19616.0,3077.0
2019-06-14,52.25,52.95,51.7,52.5,0.23,52.51,26586.0,3073.0
2019-06-13,51.025,53.45,50.925,52.2,1.14,52.28,39698.0,3132.0
2019-06-12,53.025,53.05,50.725,51.075,2.13,51.14,31760.0,2513.0
2019-06-11,53.4,54.05,52.9,53.05,0.01,53.27,24518.0,2586.0
2019-06-10,54.225,54.825,53.025,53.4,0.73,53.26,27436.0,2363.0
2019-06-07,53.15,54.325,52.625,54.05,1.4,53.99,34349.0,2585.0
2019-06-06,51.7,53.3,51.15,53.2,0.91,52.59,31942.0,3119.0
2019-06-05,52.875,53.4,50.6,51.7,1.8,51.68,42009.0,2919.0
2019-06-04,52.9,53.775,52.425,52.925,0.23,53.48,33687.0,2729.0
2019-06-03,53.45,54.625,52.125,52.875,0.25,53.25,36693.0,3096.0
2019-05-31,56.5,56.675,53.075,53.325,3.09,53.5,37805.0,3094.0
2019-05-30,59.1,59.675,56.35,56.425,2.22,56.59,30086.0,2171.0
2019-05-29,59.05,59.125,56.9,59.025,0.33,58.81,31650.0,2197.0
2019-05-28,58.95,59.575,58.125,59.05,0.51,59.14,29895.0,2066.0
2019-05-24,58.2,59.1,57.5,59.0,0.72,58.63,23088.0,2704.0
2019-05-23,61.325,61.4,57.325,58.175,3.51,57.91,31108.0,2030.0
2019-05-22,62.95,63.0,61.025,61.325,1.71,61.42,20681.0,1574.0
2019-05-21,63.275,63.8,62.8,63.0,0.08,63.13,13619.0,2096.0
2019-05-20,62.925,63.825,62.475,63.125,0.34,63.1,1659.0,823.0
2019-05-17,63.1,63.625,62.525,62.725,0.11,62.76,12024.0,1271.0
2019-05-16,62.075,63.475,62.075,63.15,0.85,62.87,15855.0,2281.0
2019-05-15,61.35,62.35,60.85,62.15,0.24,62.02,18560.0,1498.0
2019-05-14,60.825,62.1,60.7,61.325,0.74,61.78,20367.0,1587.0
2019-05-13,61.625,63.325,60.625,60.825,0.62,61.04,28180.0,1781.0
2019-05-10,61.65,62.5,61.4,61.725,0.04,61.66,20855.0,1650.0
2019-05-09,62.0,62.2,60.9,61.6,0.42,61.7,19596.0,1800.0
2019-05-08,61.475,62.375,61.075,62.0,0.72,62.12,19881.0,1765.0
2019-05-07,62.275,62.5,60.675,61.45,0.85,61.4,20041.0,2071.0
2019-05-06,61.55,62.95,60.05,62.525,0.31,62.25,20178.0,1747.0
2019-05-03,61.525,62.5,61.3,61.85,0.13,61.94,16149.0,1945.0
2019-05-02,63.625,63.675,60.95,61.55,1.79,61.81,21609.0,1752.0
2019-05-01,63.425,63.925,62.8,63.625,0.31,63.6,14402.0,1667.0
2019-04-30,63.6,64.75,63.3,63.45,0.41,63.91,15852.0,1495.0
2019-04-29,62.9,63.7,62.45,63.625,0.2,63.5,13615.0,1520.0
2019-04-26,65.125,65.175,62.275,62.825,1.91,63.3,23167.0,1609.0
2019-04-25,65.8,66.275,64.9,65.1,0.68,65.21,11586.0,1591.0
2019-04-24,66.15,66.425,65.65,65.8,0.41,65.89,12353.0,1594.0
2019-04-23,65.75,66.6,65.575,66.175,0.75,66.3,13846.0,1604.0
2019-04-22,64.1,65.975,64.05,65.675,1.48,65.55,16447.0,1235.0
2019-04-18,63.725,64.15,63.475,64.0,0.24,64.0,1360.0,1182.0
2019-04-17,64.3,64.625,63.65,63.75,0.29,63.76,7663.0,1384.0
2019-04-16,63.575,64.375,63.0,64.35,0.65,64.05,11783.0,1725.0
2019-04-15,63.775,63.85,63.025,63.55,0.49,63.4,11691.0,1542.0
2019-04-12,63.7,64.65,63.65,63.75,0.31,63.89,12333.0,1797.0
2019-04-11,64.5,64.5,63.325,63.725,1.03,63.58,14770.0,1723.0
2019-04-10,64.225,64.7,64.05,64.475,0.63,64.61,12669.0,1771.0
2019-04-09,64.45,64.8,63.675,64.225,0.42,63.98,14202.0,1848.0
2019-04-08,63.325,64.5,63.125,64.45,1.32,64.4,14314.0,1932.0
2019-04-05,62.2,63.325,61.825,63.275,0.98,63.08,12669.0,1774.0
2019-04-04,62.5,62.775,61.9,62.175,0.36,62.1,12761.0,1828.0
2019-04-03,62.6,62.975,62.075,62.5,0.12,62.46,15533.0,1968.0
2019-04-02,61.875,62.775,61.575,62.575,0.99,62.58,13654.0,1844.0
2019-04-01,60.225,61.8,60.15,61.775,1.45,61.59,13488.0,1464.0
2019-03-29,59.55,60.725,59.425,60.2,0.84,60.14,17443.0,1584.0
2019-03-28,59.4,59.55,58.225,59.5,0.11,59.3,17895.0,1570.0
2019-03-27,60.025,60.225,58.825,59.4,0.53,59.41,18633.0,1785.0
2019-03-26,59.1,60.375,59.025,60.025,1.12,59.94,14402.0,1494.0
2019-03-25,58.925,59.35,58.175,59.1,0.22,58.82,16543.0,1327.0
2019-03-22,59.9,60.075,58.3,58.95,0.94,59.04,17737.0,1413.0
2019-03-21,60.0,60.4,59.65,59.875,0.25,59.98,15633.0,1614.0
2019-03-20,59.325,60.275,58.55,60.0,0.94,60.23,18018.0,1277.0
2019-03-19,59.0,59.55,58.625,59.05,0.06,59.03,983.0,1319.0
2019-03-18,58.45,59.225,58.075,59.0,0.57,59.09,8386.0,1673.0
2019-03-15,58.55,58.95,57.75,58.425,0.09,58.52,15174.0,2014.0
2019-03-14,58.35,58.775,58.0,58.55,0.35,58.61,14901.0,2175.0
2019-03-13,57.1,58.475,57.0,58.35,1.39,58.26,16661.0,2078.0
2019-03-12,56.775,57.55,56.675,57.075,0.08,56.87,17397.0,2029.0
2019-03-11,56.0,57.0,55.975,56.775,0.72,56.79,16078.0,2012.0
2019-03-08,56.5,56.5,54.525,56.05,0.59,56.07,23651.0,1886.0
2019-03-07,56.2,57.0,56.1,56.4,0.44,56.66,16428.0,2027.0
2019-03-06,56.225,56.4,55.45,56.175,0.34,56.22,17788.0,1849.0
2019-03-05,56.4,57.2,56.075,56.275,0.03,56.56,16110.0,1722.0
2019-03-04,55.85,57.0,55.825,56.45,0.79,56.59,16374.0,1810.0
2019-03-01,57.225,57.875,55.575,55.775,1.42,55.8,21773.0,2050.0
2019-02-28,56.975,57.425,56.45,57.275,0.28,57.22,13771.0,2559.0
2019-02-27,55.975,57.4,55.725,57.0,1.44,56.94,16359.0,2227.0
2019-02-26,55.45,56.15,55.0,55.975,0.02,55.5,16813.0,2112.0
2019-02-25,57.175,57.525,55.075,55.425,1.78,55.48,21572.0,1971.0
2019-02-22,56.85,57.8,56.725,57.125,0.3,57.26,13957.0,2005.0
2019-02-21,57.225,57.675,56.65,56.825,0.2,56.96,15410.0,1952.0
2019-02-20,56.4,57.6,55.775,57.275,0.71,57.16,18668.0,1559.0
2019-02-19,55.85,56.35,55.275,56.1,0.5,56.09,4100.0,1211.0
2019-02-15,54.45,55.85,54.25,55.825,1.18,55.59,15266.0,1530.0
2019-02-14,53.95,54.675,53.075,54.475,0.51,54.41,22197.0,1803.0
2019-02-13,53.325,54.625,53.25,53.975,0.8,53.9,18989.0,1866.0
2019-02-12,52.45,54.05,52.3,53.325,0.69,53.1,21223.0,2002.0
2019-02-11,52.675,52.75,51.225,52.425,0.31,52.41,21143.0,1905.0
2019-02-08,52.575,53.0,52.075,52.725,0.08,52.72,18665.0,2311.0
2019-02-07,53.95,54.2,51.8,52.6,1.37,52.64,22061.0,2369.0
2019-02-06,53.75,54.275,52.875,53.9,0.35,54.01,19208.0,2511.0
2019-02-05,54.85,55.2,53.45,53.8,0.9,53.66,20498.0,2403.0
2019-02-04,55.3,55.75,53.275,54.825,0.7,54.56,21025.0,2553.0
2019-02-01,54.1,55.65,53.375,55.35,1.47,55.26,22403.0,2266.0
2019-01-31,54.25,55.35,53.6,54.0,0.44,53.79,22524.0,2683.0
2019-01-30,53.225,54.925,53.1,54.2,0.92,54.23,20406.0,1779.0
2019-01-29,52.15,53.925,51.85,53.25,1.32,53.31,20994.0,1814.0
2019-01-28,53.575,53.675,51.325,52.075,1.7,51.99,17087.0,1661.0
2019-01-25,53.15,53.925,52.925,53.5,0.56,53.69,16834.0,1820.0
2019-01-24,52.45,53.475,52.05,53.175,0.51,53.13,19759.0,2042.0
2019-01-23,52.975,53.625,51.85,52.4,0.39,52.62,21017.0,2169.0
2019-01-22,53.95,54.5,52.05,53.0,1.03,53.01,28762.0,1889.0
2019-01-18,52.2,53.9,52.1,53.775,1.73,53.8,2052.0,879.0
2019-01-17,52.3,52.575,50.975,52.2,0.24,52.07,14921.0,1319.0
2019-01-16,51.95,52.525,51.275,52.325,0.2,52.31,20781.0,1494.0
2019-01-15,50.775,52.3,50.625,52.0,1.6,52.11,18668.0,1692.0
2019-01-14,51.75,52.125,50.4,50.775,1.08,50.51,22643.0,1886.0
2019-01-11,52.3,53.325,51.175,51.675,1.0,51.59,24923.0,2128.0
2019-01-10,52.2,52.775,51.375,52.35,0.23,52.59,22706.0,2462.0
2019-01-09,49.775,52.575,49.7,52.175,2.58,52.36,27785.0,2893.0
2019-01-08,48.75,49.95,48.3,49.775,1.26,49.78,22755.0,2989.0
2019-01-07,48.325,49.8,48.1,48.75,0.56,48.52,26597.0,2870.0
2019-01-04,46.9,49.225,46.625,48.35,0.87,47.96,32239.0,2560.0
2019-01-03,46.3,47.475,45.35,46.825,0.55,47.09,30301.0,2642.0
2019-01-02,45.75,47.775,44.35,46.35,1.13,46.54,33089.0,2816.0
2018-12-31,45.25,46.525,44.725,45.85,0.08,45.41,21253.0,2978.0
2018-12-28,45.45,46.225,44.425,45.125,0.72,45.33,26883.0,2894.0
2018-12-27,46.575,46.7,44.35,45.425,1.61,44.61,30336.0,3433.0
2018-12-26,42.825,47.0,42.55,46.675,3.69,46.22,30361.0,4070.0
2018-12-24,45.45,46.25,42.375,42.7,3.06,42.53,20484.0,3552.0
2018-12-21,46.225,46.75,45.125,45.425,0.29,45.59,33125.0,3853.0
2018-12-20,47.425,47.525,45.675,46.2,2.29,45.88,37897.0,3511.0
2018-12-19,46.35,48.375,46.3,47.425,1.57,48.17,34102.0,4300.0
2018-12-18,49.275,49.575,46.15,46.3,3.64,46.24,2281.0,1552.0
2018-12-17,51.275,51.875,49.025,49.15,1.32,49.88,13973.0,2142.0
2018-12-14,52.8,52.975,50.85,51.25,1.38,51.2,21643.0,2223.0
2018-12-13,51.225,53.275,50.375,52.85,1.43,52.58,27481.0,2398.0
2018-12-12,51.975,52.85,50.95,51.2,0.5,51.15,24079.0,2148.0
2018-12-11,50.9,52.45,50.7,51.975,0.65,51.65,20477.0,2476.0
2018-12-10,52.125,52.8,50.525,50.9,1.61,51.0,26496.0,2203.0
2018-12-07,51.55,54.225,50.6,52.125,1.12,52.61,45913.0,2575.0
2018-12-06,52.95,53.3,50.1,51.725,1.4,51.49,53976.0,2801.0
2018-12-05,52.625,54.425,52.15,52.95,0.36,52.89,22400.0,2899.0
2018-12-04,53.1,54.55,52.45,52.6,0.3,53.25,28577.0,3043.0
2018-12-03,52.15,53.85,52.025,53.1,2.02,52.95,32978.0,3107.0
2018-11-30,51.275,51.775,49.65,50.725,0.52,50.93,33019.0,3240.0
2018-11-29,50.35,52.2,49.425,51.3,1.16,51.45,31674.0,4356.0
2018-11-28,52.1,52.55,50.05,50.325,1.27,50.29,31310.0,3715.0
2018-11-27,51.525,52.4,50.3,52.1,0.07,51.56,28209.0,3634.0
2018-11-26,50.575,52.25,50.05,51.65,1.21,51.63,23949.0,3744.0
2018-11-23,54.65,54.825,50.15,50.375,4.21,50.42,44086.0,2985.0
2018-11-21,53.45,55.85,53.4,54.65,1.2,54.63,26420.0,2954.0
2018-11-20,57.375,57.425,52.775,53.35,3.77,53.43,38251.0,2495.0
2018-11-19,57.025,57.575,55.3,57.4,0.52,57.2,24483.0,2241.0
2018-11-16,56.6,57.95,55.9,56.475,,56.46,1883.0,1920.0
2018-11-15,56.0,57.25,55.6,56.525,0.21,56.46,17178.0,2242.0
2018-11-14,55.225,57.375,55.125,56.0,0.56,56.25,33033.0,2664.0
2018-11-13,58.95,59.35,54.725,55.25,4.24,55.69,38159.0,3069.0
2018-11-12,60.5,61.275,58.675,58.825,0.26,59.93,23774.0,3385.0
2018-11-09,60.8,60.8,59.275,59.825,0.48,60.19,26300.0,3514.0
2018-11-08,61.6,62.425,60.4,60.775,1.0,60.67,22314.0,3277.0
2018-11-07,61.75,63.2,61.2,61.6,0.54,61.67,28512.0,3315.0
2018-11-06,62.7,63.3,61.3,61.75,0.89,62.21,23376.0,3486.0
2018-11-05,63.0,64.125,62.525,62.7,0.04,63.1,17849.0,3491.0
2018-11-02,63.525,63.95,62.65,62.85,0.55,63.14,22522.0,3429.0
2018-11-01,64.9,65.4,63.125,63.525,1.62,63.69,26272.0,2693.0
2018-10-31,66.375,66.975,64.825,64.85,0.87,65.31,22041.0,2411.0
2018-10-30,66.7,67.25,65.35,66.375,0.86,66.18,22993.0,2196.0
2018-10-29,67.55,67.95,66.3,66.7,0.55,67.04,16892.0,2101.0
2018-10-26,66.95,67.875,66.2,67.625,0.26,67.59,19290.0,2319.0
2018-10-25,66.35,67.65,65.95,66.975,0.51,67.33,18205.0,2468.0
2018-10-24,66.175,67.725,66.05,66.4,0.39,66.82,23427.0,2832.0
2018-10-23,69.575,69.65,65.75,66.1,2.93,66.43,26853.0,1923.0
2018-10-22,69.575,69.85,68.45,69.525,0.08,69.36,15927.0,1751.0
2018-10-19,68.65,69.75,68.575,69.15,0.47,69.12,1106.0,1234.0
2018-10-18,70.0,70.05,68.475,68.6,1.1,68.65,16511.0,1751.0
2018-10-17,72.225,72.425,69.45,70.05,2.17,69.75,24526.0,2018.0
2018-10-16,71.675,72.3,71.025,72.125,0.14,71.92,17638.0,1873.0
2018-10-15,71.8,72.7,70.85,71.75,0.44,71.78,20001.0,2266.0
2018-10-12,71.0,72.0,70.65,71.525,0.37,71.34,19556.0,2450.0
2018-10-11,72.675,72.75,70.5,71.025,2.2,70.97,25039.0,2320.0
2018-10-10,74.7,75.1,72.4,72.55,1.79,73.17,17514.0,2029.0
2018-10-09,74.225,75.25,74.0,74.675,0.67,74.96,16713.0,1768.0
2018-10-08,74.35,74.575,73.1,74.225,0.05,74.29,15634.0,1686.0
2018-10-05,74.675,75.2,73.825,74.3,0.01,74.34,18676.0,1948.0
2018-10-04,76.2,76.475,73.875,74.65,2.08,74.33,19214.0,2447.0
2018-10-03,75.075,76.9,74.325,76.2,1.18,76.41,19353.0,2331.0
2018-10-02,75.425,75.9,74.925,75.075,0.07,75.23,12742.0,2751.0
2018-10-01,73.275,75.75,72.975,75.45,2.05,75.3,16362.0,2424.0
2018-09-28,72.2,73.725,71.875,73.55,1.13,73.25,14787.0,2097.0
2018-09-27,72.025,72.6,71.7,72.175,0.55,72.12,11550.0,2258.0
2018-09-26,72.075,72.375,71.45,72.025,0.71,71.57,12176.0,2333.0
2018-09-25,72.25,72.75,71.9,72.075,0.2,72.28,13146.0,2211.0
2018-09-24,71.125,72.75,71.125,72.25,1.3,72.08,15895.0,1683.0
2018-09-21,70.2,71.8,69.975,70.7,0.46,70.78,20756.0,1701.0
2018-09-20,70.975,71.35,70.05,70.175,0.45,70.32,13989.0,1775.0
2018-09-19,69.675,71.15,69.65,71.125,1.27,71.12,1220.0,1052.0
2018-09-18,68.8,70.425,68.525,69.75,0.94,69.85,10614.0,1216.0
2018-09-17,69.0,69.725,68.525,68.775,0.08,68.91,12376.0,1468.0
2018-09-14,68.775,69.9,67.95,69.0,0.4,68.99,18017.0,1569.0
2018-09-13,70.25,70.275,68.35,68.8,1.78,68.59,16073.0,2312.0
2018-09-12,69.875,71.275,69.525,70.3,1.12,70.37,17420.0,2043.0
2018-09-11,67.525,70.0,67.475,69.875,1.71,69.25,13829.0,1971.0
2018-09-10,67.825,68.525,67.35,67.525,0.21,67.54,13126.0,1926.0
2018-09-07,67.875,68.075,66.85,67.85,0.02,67.75,12865.0,1955.0
2018-09-06,68.6,69.0,67.0,67.875,0.95,67.77,15828.0,2163.0
2018-09-05,69.4,69.6,68.55,68.6,1.15,68.72,14070.0,2271.0
2018-09-04,69.85,71.4,69.075,69.35,0.07,69.87,21109.0,2425.0
2018-08-31,70.075,70.35,69.65,69.9,0.45,69.8,9433.0,2504.0
2018-08-30,69.7,70.5,69.525,70.025,0.74,70.25,11296.0,2383.0
2018-08-29,68.55,69.75,68.35,69.7,0.98,69.51,12194.0,2230.0
2018-08-28,68.95,69.2,68.225,68.525,0.34,68.53,10407.0,2320.0
2018-08-27,68.575,68.975,68.35,68.925,0.15,68.87,8264.0,2297.0
2018-08-24,67.875,69.325,67.775,68.55,0.89,68.72,11894.0,2384.0
2018-08-23,68.075,68.1,67.325,67.875,0.03,67.83,10069.0,2395.0
2018-08-22,66.075,68.15,65.975,68.125,2.02,67.86,13707.0,1965.0
2018-08-21,65.425,66.5,65.3,66.075,0.42,65.84,10525.0,1846.0
2018-08-20,66.0,66.475,65.575,66.4,0.52,66.43,999.0,1309.0
2018-08-17,65.45,66.375,65.3,65.9,0.45,65.91,8315.0,1932.0
2018-08-16,64.9,65.525,64.425,65.475,0.45,65.46,12309.0,2313.0
2018-08-15,66.575,66.9,64.5,64.875,2.03,65.01,16412.0,2334.0
2018-08-14,67.4,68.35,66.6,66.6,0.16,67.04,15357.0,2496.0
2018-08-13,67.7,67.975,65.7,67.425,0.43,67.2,17052.0,2673.0
2018-08-10,66.725,67.875,66.15,67.8,0.82,67.63,11833.0,2809.0
2018-08-09,66.775,67.4,66.5,66.7,0.13,66.81,12490.0,2958.0
2018-08-08,69.1,69.35,66.325,66.775,2.23,66.94,19124.0,2527.0
2018-08-07,68.9,69.825,68.8,69.1,0.16,69.17,12455.0,2807.0
2018-08-06,68.65,69.925,68.475,68.875,0.52,69.01,12964.0,2754.0
2018-08-03,69.0,69.25,67.85,68.65,0.47,68.49,13677.0,2807.0
2018-08-02,67.825,69.375,66.925,68.975,1.3,68.96,15145.0,3047.0
2018-08-01,68.425,68.5,67.3,67.875,1.1,67.66,17455.0,3149.0
2018-07-31,70.075,70.225,67.95,68.4,1.37,68.76,13429.0,2740.0
2018-07-30,69.025,70.45,68.8,70.1,1.44,70.13,10450.0,2566.0
2018-07-27,69.575,69.775,68.275,69.025,0.92,68.69,12001.0,2532.0
2018-07-26,69.375,69.9,68.925,69.55,0.31,69.61,13232.0,2101.0
2018-07-25,68.75,69.675,68.2,69.35,0.78,69.3,18516.0,2072.0
2018-07-24,67.75,69.05,67.55,68.725,0.63,68.52,14949.0,1976.0
2018-07-23,68.15,69.3,67.6,67.775,0.37,67.89,16422.0,1494.0
2018-07-20,68.025,68.9,67.7,68.15,0.02,68.26,16837.0,1384.0
2018-07-19,68.9,70.175,67.825,69.475,0.7,69.46,1026.0,1623.0
2018-07-18,67.625,69.05,66.95,68.95,0.68,68.76,10391.0,2073.0
2018-07-17,68.075,68.45,67.05,67.6,0.02,68.08,14668.0,2541.0
2018-07-16,70.525,70.875,67.575,68.025,2.95,68.06,20078.0,2701.0
2018-07-13,70.4,71.65,69.85,70.6,0.68,71.01,16276.0,2772.0
2018-07-12,70.575,71.225,69.225,70.35,0.05,70.33,23638.0,3318.0
2018-07-11,74.2,74.25,70.025,70.625,3.73,70.38,27600.0,2459.0
2018-07-10,74.025,74.675,73.65,74.2,0.26,74.11,16798.0,2555.0
2018-07-09,73.875,74.35,73.0,74.0,0.05,73.85,17176.0,2592.0
2018-07-06,73.15,73.975,72.125,73.9,0.86,73.8,20412.0,2500.0
2018-07-05,74.225,74.9,72.525,73.125,1.2,72.94,28786.0,2543.0
2018-07-03,74.05,75.25,72.75,74.275,0.2,74.14,23001.0,2650.0
2018-07-02,73.65,74.35,72.575,74.05,0.21,73.94,19513.0,2518.0
2018-06-29,73.3,74.475,72.925,74.35,0.7,74.15,17774.0,2317.0
2018-06-28,72.25,74.025,72.225,73.25,0.69,73.45,18078.0,2305.0
2018-06-27,70.7,73.05,70.575,72.3,2.23,72.76,21128.0,2202.0
2018-06-26,68.2,70.95,67.725,70.675,2.45,70.53,26577.0,2169.0
2018-06-25,68.775,69.45,67.8,68.2,0.5,68.08,23154.0,2363.0
2018-06-22,65.875,69.4,65.725,69.275,3.04,68.58,31229.0,2396.0
2018-06-21,65.325,66.225,64.35,65.825,0.17,65.54,19634.0,2412.0
2018-06-20,64.925,66.35,64.8,65.375,0.81,65.71,21498.0,1950.0
2018-06-19,65.9,65.925,64.375,65.05,0.78,65.07,1368.0,2239.0
2018-06-18,64.325,65.975,63.6,65.875,0.79,65.85,13697.0,2459.0
2018-06-15,66.95,67.075,64.275,64.35,1.83,65.06,14924.0,2898.0
2018-06-14,66.625,67.175,66.35,67.0,0.25,66.89,10847.0,3148.0
2018-06-13,66.025,66.9,65.525,66.65,0.28,66.64,10836.0,3142.0
2018-06-12,66.05,66.7,65.875,66.025,0.26,66.36,11161.0,3121.0
2018-06-11,65.575,66.35,64.85,66.075,0.36,66.1,12441.0,2880.0
2018-06-08,65.925,66.225,65.15,65.575,0.21,65.74,12515.0,2961.0
2018-06-07,65.05,66.075,64.8,65.975,1.22,65.95,11991.0,2943.0
2018-06-06,65.55,65.95,64.275,64.975,0.79,64.73,15463.0,2532.0
2018-06-05,64.975,65.55,64.2,65.55,0.77,65.52,15697.0,3060.0
2018-06-04,65.775,66.05,64.575,64.825,1.06,64.75,15634.0,2837.0
2018-06-01,67.05,67.35,65.5,65.775,1.23,65.81,18302.0,2952.0
2018-05-31,68.2,68.3,66.55,67.125,1.17,67.04,22012.0,3270.0
2018-05-30,66.85,68.65,66.375,68.2,1.48,68.21,16159.0,3067.0
2018-05-29,67.8,67.8,65.8,66.85,1.15,66.73,27180.0,2754.0
2018-05-25,70.675,70.8,67.425,67.475,2.83,67.88,20088.0,2377.0
2018-05-24,71.85,71.975,70.525,70.65,1.13,70.71,12140.0,2247.0
2018-05-23,72.125,72.25,71.2,71.85,0.36,71.84,12404.0,1961.0
2018-05-22,72.625,72.9,71.825,72.125,0.15,72.2,13323.0,2245.0
2018-05-21,71.45,72.325,71.25,72.25,0.96,72.24,1025.0,1143.0
2018-05-18,71.575,71.75,71.0,71.375,0.21,71.28,9684.0,1733.0
2018-05-17,71.525,72.325,71.1,71.575,,71.49,16157.0,2247.0
2018-05-16,71.025,71.6,70.65,71.525,0.18,71.49,15249.0,2453.0
2018-05-15,71.15,71.925,70.425,70.975,0.35,71.31,21565.0,2937.0
2018-05-14,70.55,71.25,70.25,71.175,0.26,70.96,12884.0,2812.0
2018-05-11,71.425,71.625,70.45,70.525,0.66,70.7,13219.0,2817.0
2018-05-10,71.3,71.9,70.55,71.425,0.22,71.36,16468.0,3189.0
2018-05-09,70.05,71.35,69.85,71.275,2.08,71.14,19339.0,2957.0
2018-05-08,70.0,70.4,67.65,70.025,1.67,69.06,40867.0,2602.0
2018-05-07,69.8,70.85,69.5,70.05,1.01,70.73,17182.0,2736.0
2018-05-04,68.5,69.975,68.125,69.8,1.29,69.72,16726.0,2457.0
2018-05-03,67.7,68.6,67.2,68.475,0.5,68.43,15191.0,2204.0
2018-05-02,67.525,68.15,66.925,67.675,0.68,67.93,18532.0,2347.0
2018-05-01,68.55,68.875,66.85,67.5,1.32,67.25,14970.0,2536.0
2018-04-30,68.1,69.35,67.175,68.575,0.47,68.57,18045.0,2353.0
2018-04-27,68.2,68.35,67.65,68.0,0.09,68.1,10078.0,2387.0
2018-04-26,68.0,68.8,67.725,68.175,0.14,68.19,13526.0,2311.0
2018-04-25,67.75,68.175,67.1,68.0,0.35,68.05,16569.0,2343.0
2018-04-24,68.95,69.375,67.55,67.725,0.94,67.7,18685.0,2426.0
2018-04-23,68.175,69.025,67.125,68.95,0.24,68.64,15044.0,2262.0
2018-04-20,68.175,68.65,67.475,68.05,0.07,68.4,16844.0,1949.0
2018-04-19,68.75,69.55,67.975,68.3,0.18,68.29,1492.0,2323.0
2018-04-18,66.65,68.925,66.55,68.775,1.95,68.47,11636.0,2440.0
2018-04-17,66.425,66.75,65.575,66.65,0.3,66.52,12950.0,2607.0
2018-04-16,67.4,67.725,66.125,66.35,1.17,66.22,12799.0,2682.0
2018-04-13,67.175,67.75,66.7,67.375,0.32,67.39,16504.0,2903.0
2018-04-12,66.75,67.325,66.0,67.15,0.25,67.07,16528.0,2840.0
2018-04-11,65.575,67.45,65.175,66.725,1.31,66.82,22826.0,2765.0
2018-04-10,63.3,65.875,63.225,65.575,2.09,65.51,16965.0,2404.0
2018-04-09,62.0,63.625,61.95,63.3,1.36,63.42,13018.0,2335.0
2018-04-06,63.7,63.775,61.8,61.95,1.48,62.06,19525.0,1810.0
2018-04-05,63.575,64.125,63.075,63.725,0.17,63.54,13909.0,1727.0
2018-04-04,63.6,63.65,62.05,63.575,0.14,63.37,21322.0,1569.0
2018-04-03,62.875,63.85,62.875,63.55,0.5,63.51,12600.0,1950.0
2018-04-02,64.95,65.425,62.8,62.825,1.93,63.01,15536.0,1922.0
2018-03-29,64.675,65.275,64.175,64.95,0.56,64.94,11758.0,1895.0
2018-03-28,64.675,65.125,63.725,64.7,0.87,64.38,16056.0,1851.0
2018-03-27,65.5,66.4,64.525,64.725,0.3,65.25,14640.0,2020.0
2018-03-26,65.85,66.55,65.075,65.5,0.33,65.55,14082.0,2249.0
2018-03-23,64.3,66.0,64.1,65.725,1.58,65.88,16252.0,2256.0
2018-03-22,65.5,65.725,64.15,64.225,0.87,64.3,14229.0,2320.0
2018-03-21,63.725,65.575,63.575,65.5,1.63,65.17,15654.0,1661.0
2018-03-20,62.225,63.975,62.125,63.725,1.41,63.54,13483.0,1225.0
2018-03-19,62.1,62.35,61.35,62.05,0.28,62.06,927.0,1774.0
2018-03-16,61.2,62.55,61.075,62.25,1.15,62.34,8125.0,2056.0
2018-03-15,60.975,61.55,60.825,61.175,0.23,61.19,9781.0,2211.0
2018-03-14,60.85,61.35,60.125,60.925,0.25,60.96,15944.0,2511.0
2018-03-13,61.35,61.95,60.25,60.85,0.65,60.71,17853.0,2270.0
2018-03-12,62.025,62.35,60.675,61.35,0.68,61.36,11583.0,1999.0
2018-03-09,60.3,62.175,60.125,62.125,1.92,62.04,12358.0,1898.0
2018-03-08,61.35,61.4,59.95,60.3,1.03,60.12,13151.0,1811.0
2018-03-07,62.3,62.575,60.6,61.325,1.45,61.15,18686.0,1627.0
2018-03-06,62.575,63.25,62.2,62.375,0.03,62.6,12179.0,1672.0
2018-03-05,61.5,62.775,61.1,62.625,1.32,62.57,11958.0,1455.0
2018-03-02,61.325,61.6,60.15,61.5,0.26,61.25,13909.0,1418.0
2018-03-01,61.55,61.825,60.2,61.325,0.65,60.99,19804.0,1671.0
2018-02-28,62.8,63.425,61.375,61.525,1.37,61.64,16363.0,1803.0
2018-02-27,64.025,64.075,62.625,62.825,0.9,63.01,12071.0,1766.0
2018-02-26,63.575,64.225,63.05,64.0,0.36,63.91,10776.0,1737.0
2018-02-23,62.625,63.725,62.325,63.575,0.78,63.55,9405.0,1624.0
2018-02-22,61.325,63.1,60.75,62.65,1.09,62.77,14382.0,1383.0
2018-02-21,61.6,61.85,60.925,61.325,0.11,61.68,9996.0,1214.0
2018-02-20,61.575,62.65,61.425,61.55,0.24,61.79,19267.0,1246.0
2018-02-16,61.425,61.975,60.875,61.75,0.34,61.68,2022.0,1794.0
2018-02-15,60.725,61.625,59.725,61.4,0.74,61.34,18069.0,1781.0
2018-02-14,58.95,60.9,58.2,60.725,1.41,60.6,18701.0,2232.0
2018-02-13,59.35,59.725,58.4,58.925,0.1,59.19,13774.0,2195.0
2018-02-12,59.15,60.825,59.075,59.4,0.09,59.29,19105.0,1960.0
2018-02-09,60.4,60.75,58.025,59.05,1.95,59.2,22559.0,1936.0
2018-02-08,61.7,62.1,60.2,60.4,0.64,61.15,18879.0,1895.0
2018-02-07,63.875,64.175,61.25,61.75,1.6,61.79,21466.0,2472.0
2018-02-06,63.45,64.3,63.1,63.875,0.76,63.39,17805.0,2542.0
2018-02-05,65.075,65.4,63.425,63.45,1.3,64.15,18369.0,2584.0
2018-02-02,66.0,66.3,64.45,65.075,0.35,65.45,14217.0,2654.0
2018-02-01,64.75,66.25,64.65,65.975,1.07,65.8,10859.0,2590.0
2018-01-31,64.025,64.95,63.65,64.775,0.23,64.73,10988.0,2753.0
2018-01-30,65.525,65.55,63.9,64.0,1.06,64.5,11904.0,2441.0
2018-01-29,66.2,66.45,64.975,65.525,0.58,65.56,9257.0,2290.0
2018-01-26,65.25,66.325,64.9,66.25,0.63,66.14,10348.0,2273.0
2018-01-25,65.875,66.65,65.075,65.25,0.1,65.51,12550.0,2497.0
2018-01-24,64.45,66.05,64.325,65.875,1.14,65.61,11703.0,2048.0
2018-01-23,63.9,64.875,63.7,64.475,0.9,64.47,10121.0,2025.0
2018-01-22,63.6,64.125,63.05,63.925,0.26,63.57,9470.0,1642.0
2018-01-19,63.75,63.775,62.85,63.35,0.58,63.37,1566.0,1923.0
2018-01-18,64.1,64.325,63.5,63.725,0.02,63.95,6869.0,2185.0
2018-01-17,63.9,64.175,63.325,64.05,0.24,63.97,6978.0,2508.0
2018-01-16,64.425,64.9,63.4,63.9,0.57,63.73,13562.0,2686.0
2018-01-12,63.575,64.5,63.075,64.4,0.5,64.3,10457.0,2691.0
2018-01-11,63.5,64.75,63.45,63.55,0.23,63.8,9797.0,2946.0
2018-01-10,63.425,63.675,63.075,63.475,0.61,63.57,7608.0,3089.0
2018-01-09,61.9,63.475,61.8,63.425,1.23,62.96,8912.0,3194.0
2018-01-08,61.6,61.95,61.325,61.9,0.29,61.73,6032.0,3310.0
2018-01-05,61.875,62.025,61.075,61.625,0.57,61.44,6324.0,3479.0
2018-01-04,61.925,62.2,61.6,61.925,0.38,62.01,7757.0,3633.0
2018-01-03,60.4,61.95,60.275,61.925,1.26,61.63,7458.0,3571.0
2018-01-02,60.225,60.75,60.125,60.35,0.05,60.37,6091.0,3525.0
2017-12-29,59.9,60.5,59.825,60.15,0.58,60.42,5557.0,3635.0
2017-12-28,59.475,59.95,59.45,59.9,0.2,59.84,4600.0,3608.0
2017-12-27,59.8,59.925,59.325,59.575,0.33,59.64,5794.0,3595.0
2017-12-26,58.325,60.0,58.325,59.825,1.5,59.97,6953.0,3324.0
2017-12-22,58.225,58.525,57.875,58.375,0.11,58.47,5443.0,3305.0
2017-12-21,58.05,58.375,57.625,58.25,0.27,58.36,6383.0,3277.0
2017-12-20,57.675,58.1,57.425,58.05,0.53,58.09,7047.0,3006.0
2017-12-19,57.35,57.775,57.2,57.65,0.34,57.56,5585.0,2820.0
2017-12-18,57.35,57.8,56.825,57.175,0.14,57.16,1429.0,2171.0
2017-12-15,57.175,57.475,56.95,57.35,0.26,57.3,5674.0,2428.0
2017-12-14,56.7,57.225,56.1,57.175,0.44,57.04,9255.0,2758.0
2017-12-13,57.425,57.825,56.55,56.7,0.54,56.6,9320.0,2660.0
2017-12-12,58.025,58.575,56.85,57.45,0.85,57.14,12365.0,2727.0
2017-12-11,57.25,58.05,56.9,58.0,0.63,57.99,8580.0,2811.0
2017-12-08,56.625,57.775,56.55,57.325,0.67,57.36,9623.0,3006.0
2017-12-07,55.975,56.775,55.8,56.65,0.73,56.69,7349.0,3136.0
2017-12-06,57.45,57.575,55.875,55.975,1.66,55.96,10627.0,2903.0
2017-12-05,57.45,57.9,57.075,57.5,0.15,57.62,7067.0,2948.0
2017-12-04,58.275,58.3,57.35,57.475,0.89,57.47,8206.0,2841.0
2017-12-01,57.4,58.875,57.3,58.3,0.96,58.36,11911.0,2705.0
2017-11-30,57.4,57.975,56.825,57.425,0.1,57.4,15946.0,2678.0
2017-11-29,57.725,58.3,56.775,57.375,0.69,57.3,14390.0,3453.0
2017-11-28,57.85,58.1,57.425,57.775,0.12,57.99,7361.0,3540.0
2017-11-27,58.9,58.975,57.55,57.825,0.84,58.11,9606.0,3734.0
2017-11-24,58.05,59.05,57.775,58.95,0.93,58.95,9352.0,3824.0
2017-11-22,57.125,58.125,57.05,58.05,1.19,58.02,10317.0,3851.0
2017-11-21,56.4,57.2,56.325,57.1,0.41,56.83,9279.0,3555.0
2017-11-20,56.8,56.925,55.75,56.375,0.29,56.42,7932.0,3574.0
2017-11-17,55.275,56.575,55.175,56.575,1.41,56.55,2120.0,1789.0
2017-11-16,55.3,55.625,54.95,55.25,0.19,55.14,8049.0,1977.0
2017-11-15,55.05,55.55,54.875,55.3,0.37,55.33,8722.0,2143.0
2017-11-14,56.725,56.775,54.825,55.0,1.06,55.7,13149.0,2151.0
2017-11-13,56.875,57.15,56.3,56.75,0.02,56.76,8020.0,2158.0
2017-11-10,57.0,57.35,56.55,56.875,0.43,56.74,6862.0,2110.0
2017-11-09,56.825,57.525,56.675,57.05,0.36,57.17,9252.0,2018.0
2017-11-08,56.95,57.925,56.425,56.825,0.39,56.81,14481.0,2102.0
2017-11-07,57.25,57.7,56.85,56.925,0.15,57.2,11385.0,2208.0
2017-11-06,55.8,57.625,55.65,57.225,1.71,57.35,13979.0,2208.0
2017-11-03,54.75,55.775,54.425,55.725,1.1,55.64,10564.0,2303.0
2017-11-02,54.25,54.825,54.0,54.725,0.24,54.54,8727.0,2129.0
2017-11-01,54.65,55.225,53.875,54.25,0.08,54.3,13407.0,2383.0
2017-10-31,54.1,54.85,53.925,54.625,0.23,54.38,9406.0,2359.0
2017-10-30,54.15,54.45,53.75,54.125,0.25,54.15,10435.0,2458.0
2017-10-27,52.8,54.2,52.25,54.2,1.26,53.9,14413.0,2682.0
2017-10-26,52.225,52.875,51.925,52.825,0.46,52.64,9527.0,2759.0
2017-10-25,52.55,52.55,51.9,52.175,0.29,52.18,10141.0,2980.0
2017-10-24,51.85,52.625,51.55,52.525,0.57,52.47,13672.0,2377.0
2017-10-23,52.05,52.275,51.675,51.85,0.06,51.9,9051.0,2321.0
2017-10-20,51.575,52.1,50.875,52.075,0.33,51.84,10458.0,1977.0
2017-10-19,52.075,52.15,51.05,51.275,0.75,51.29,1086.0,1357.0
2017-10-18,51.925,52.325,51.675,52.075,0.16,52.04,8930.0,1471.0
2017-10-17,51.925,52.225,51.225,51.95,0.01,51.88,9310.0,1758.0
2017-10-16,51.35,52.35,51.35,51.925,0.42,51.87,10341.0,1816.0
2017-10-13,50.725,51.725,50.7,51.4,0.85,51.45,11316.0,1831.0
2017-10-12,51.025,51.1,50.15,50.725,0.7,50.6,11148.0,1673.0
2017-10-11,50.925,51.4,50.6,51.05,0.38,51.3,9039.0,1843.0
2017-10-10,49.55,51.075,49.55,50.95,1.34,50.92,8048.0,2059.0
2017-10-09,49.325,49.775,49.125,49.55,0.29,49.58,6565.0,2143.0
2017-10-06,50.725,50.8,49.1,49.2,1.5,49.29,11858.0,2139.0
2017-10-05,49.85,51.225,49.85,50.75,0.81,50.79,9539.0,2053.0
2017-10-04,50.175,50.675,49.775,49.925,0.44,49.98,9620.0,1884.0
2017-10-03,50.575,50.725,50.125,50.2,0.16,50.42,6568.0,1879.0
2017-10-02,51.65,51.725,50.075,50.55,1.09,50.58,8452.0,1782.0
2017-09-29,51.6,51.775,51.275,51.65,0.11,51.67,8727.0,1628.0
2017-09-28,52.05,52.85,51.225,51.575,0.58,51.56,18048.0,2705.0
2017-09-27,52.1,52.325,51.65,52.025,0.26,52.14,11729.0,2772.0
2017-09-26,52.125,52.425,51.425,52.075,0.34,51.88,11255.0,2964.0
2017-09-25,50.675,52.275,50.375,52.125,1.56,52.22,10232.0,2356.0
2017-09-22,50.725,50.8,50.3,50.625,0.11,50.66,8020.0,2624.0
2017-09-21,50.7,50.8,50.075,50.725,0.14,50.55,9267.0,2712.0
2017-09-20,50.275,51.125,50.125,50.725,0.79,50.69,12908.0,2496.0
2017-09-19,49.925,50.425,49.325,49.475,0.43,49.48,793.0,4791.0
2017-09-18,49.875,50.325,49.2,49.9,0.02,49.91,9021.0,4670.0
2017-09-15,49.7,50.15,49.425,49.85,,49.89,8678.0,5280.0
2017-09-14,49.325,50.5,49.15,49.725,0.59,49.89,8963.0,5670.0
2017-09-13,48.375,49.4,48.125,49.325,1.07,49.3,11050.0,4951.0
2017-09-12,48.125,48.45,47.75,48.35,0.16,48.23,9318.0,5398.0
2017-09-11,47.575,48.275,47.0,48.1,0.59,48.07,11504.0,5701.0
2017-09-08,49.1,49.25,47.275,47.55,1.61,47.48,12687.0,5093.0
2017-09-07,49.15,49.325,48.65,49.1,0.07,49.09,12158.0,4938.0
2017-09-06,48.6,49.425,48.525,49.15,0.5,49.16,11004.0,4880.0
2017-09-05,47.275,48.975,47.15,48.625,1.37,48.66,19074.0,4993.0
2017-09-01,47.1,47.35,46.55,47.35,0.06,47.29,15128.0,5354.0
2017-08-31,45.95,47.475,45.6,47.075,1.27,47.23,17956.0,5748.0
2017-08-30,46.3,46.725,45.85,45.95,0.48,45.96,16592.0,6137.0
2017-08-29,46.85,46.975,45.75,46.325,0.13,46.44,15078.0,5120.0
2017-08-28,47.925,48.175,46.15,46.85,1.3,46.57,13119.0,4136.0
2017-08-25,47.6,47.925,47.4,47.85,0.44,47.87,9897.0,3868.0
2017-08-24,48.35,48.425,47.05,47.6,0.98,47.43,11085.0,3268.0
2017-08-23,47.65,48.5,47.525,48.35,0.58,48.41,9122.0,2957.0
2017-08-22,47.6,48.225,47.35,47.6,0.3,47.83,11794.0,2803.0
2017-08-21,48.75,48.75,47.025,47.375,1.14,47.37,1054.0,3080.0
2017-08-18,46.9,48.75,46.8,48.75,1.42,48.51,10428.0,3500.0
2017-08-17,46.8,47.175,46.45,46.925,0.31,47.09,9625.0,3934.0
2017-08-16,47.7,48.0,46.675,46.8,0.77,46.78,13214.0,4222.0
2017-08-15,47.475,47.875,47.025,47.675,0.04,47.55,10308.0,4347.0
2017-08-14,48.8,49.175,47.425,47.5,1.23,47.59,12054.0,4067.0
2017-08-11,48.5,48.975,47.975,48.75,0.23,48.82,12353.0,4081.0
2017-08-10,49.7,50.225,48.325,48.5,0.97,48.59,16536.0,3791.0
2017-08-09,49.0,49.725,48.9,49.725,0.39,49.56,11465.0,3637.0
2017-08-08,49.325,49.775,48.875,48.975,0.22,49.17,11702.0,3851.0
2017-08-07,49.575,49.7,48.55,49.325,0.19,49.39,13031.0,3434.0
2017-08-04,48.95,49.65,48.475,49.525,0.55,49.58,11228.0,3751.0
2017-08-03,49.55,49.95,48.775,48.925,0.56,49.03,10797.0,3456.0
2017-08-02,48.8,49.65,48.55,49.575,0.43,49.59,11584.0,3193.0
2017-08-01,50.2,50.45,48.375,48.8,1.01,49.16,12789.0,3191.0
2017-07-31,49.825,50.45,49.2,50.2,0.46,50.17,10172.0,3009.0
2017-07-28,49.125,49.825,48.85,49.775,0.67,49.71,8624.0,2824.0
2017-07-27,48.7,49.225,48.25,49.125,0.29,49.04,10858.0,2561.0
2017-07-26,48.525,48.875,47.875,48.725,0.86,48.75,11843.0,2729.0
2017-07-25,46.475,48.675,46.375,48.55,1.55,47.89,11443.0,2741.0
2017-07-24,45.65,46.525,45.4,46.475,0.57,46.34,9881.0,2855.0
2017-07-21,46.925,47.225,45.55,45.6,1.15,45.77,11414.0,2486.0
2017-07-20,47.25,47.75,46.8,46.95,0.4,46.92,9660.0,2170.0
2017-07-19,46.275,47.275,46.125,47.125,0.72,47.12,1035.0,3015.0
2017-07-18,46.0,46.925,45.8,46.25,0.38,46.4,8770.0,3729.0
2017-07-17,46.7,46.9,45.9,45.975,0.52,46.02,8696.0,3949.0
2017-07-14,46.1,46.75,45.8,46.675,0.46,46.54,12925.0,4239.0
2017-07-13,45.45,46.275,45.0,46.1,0.59,46.08,11232.0,4270.0
2017-07-12,45.75,46.5,45.125,45.45,0.45,45.49,16648.0,4097.0
2017-07-11,44.575,45.8,43.825,45.8,0.64,45.04,14277.0,4149.0
2017-07-10,44.35,44.85,43.65,44.55,0.17,44.4,11435.0,4174.0
2017-07-07,45.35,45.425,43.775,44.375,1.29,44.23,16006.0,4018.0
2017-07-06,45.6,46.55,45.175,45.35,0.39,45.52,14250.0,4015.0
2017-07-05,47.05,47.325,44.55,45.625,1.94,45.13,20351.0,4132.0
2017-07-03,46.05,47.1,45.9,47.075,1.03,47.07,7859.0,3903.0
2017-06-30,44.875,46.375,44.85,46.325,1.11,46.04,8995.0,4033.0
2017-06-29,44.875,45.45,44.65,44.85,0.19,44.93,11345.0,3928.0
2017-06-28,43.7,44.9,43.7,44.9,0.5,44.74,13670.0,3929.0
2017-06-27,43.5,44.425,43.325,43.75,0.86,44.24,11855.0,3960.0
2017-06-26,43.175,43.65,42.65,43.5,0.38,43.38,11758.0,4112.0
2017-06-23,42.8,43.2,42.525,43.125,0.25,43.0,10493.0,4032.0
2017-06-22,42.55,43.325,42.25,42.8,0.225,42.75,12027.0,4225.0
2017-06-21,43.35,44.2,42.05,42.525,0.975,42.525,19734.0,3524.0
2017-06-20,44.325,44.675,42.95,43.35,0.925,43.5,13906.0,2812.0
2017-06-19,44.65,45.05,44.075,44.2,0.55,44.2,1178.0,2713.0
2017-06-16,44.275,44.95,44.275,44.675,0.3,44.75,6168.0,3537.0
2017-06-15,44.675,44.825,44.225,44.3,0.275,44.45,9408.0,4167.0
2017-06-14,45.975,46.5,44.525,44.675,1.725,44.725,18979.0,4475.0
2017-06-13,46.025,46.575,45.55,46.0,0.375,46.45,10859.0,4683.0
2017-06-12,45.7,46.725,45.65,46.025,0.25,46.075,11146.0,4788.0
2017-06-09,45.7,46.175,45.275,45.925,0.175,45.825,11168.0,4882.0
2017-06-08,45.85,46.175,45.2,45.7,0.075,45.65,14694.0,5029.0
2017-06-07,47.95,48.225,45.65,45.775,2.475,45.725,20266.0,4681.0
2017-06-06,47.375,48.4,46.925,47.975,0.8,48.2,14110.0,4751.0
2017-06-05,47.7,48.425,46.85,47.375,0.25,47.4,13678.0,4163.0
2017-06-02,48.075,48.225,46.75,47.75,0.7,47.65,19840.0,3799.0
2017-06-01,48.625,49.15,47.9,48.025,0.025,48.35,17317.0,3138.0
2017-05-31,49.625,49.725,47.75,48.625,1.325,48.325,16487.0,2849.0
2017-05-30,49.85,50.3,49.025,49.625,0.15,49.65,14236.0,2680.0
2017-05-26,48.7,49.95,48.175,49.75,0.9,49.8,17025.0,2595.0
2017-05-25,51.25,52.0,48.45,48.675,2.45,48.9,29466.0,2058.0
2017-05-24,51.45,51.9,51.025,51.3,0.125,51.35,12448.0,2309.0
2017-05-23,51.0,51.75,50.575,51.475,0.35,51.475,10194.0,2213.0
2017-05-22,50.925,51.425,50.75,51.05,0.45,51.125,10620.0,2099.0
2017-05-19,49.4,50.5,49.3,50.35,0.975,50.325,1080.0,1341.0
2017-05-18,48.95,49.575,48.05,49.35,0.275,49.35,9267.0,1563.0
2017-05-17,48.2,49.5,48.025,48.975,0.425,49.075,14530.0,1838.0
2017-05-16,48.85,49.4,48.2,48.225,0.2,48.65,10837.0,2409.0
2017-05-15,47.875,49.675,47.75,48.85,1.0,48.85,12754.0,2758.0
2017-05-12,47.8,48.075,47.35,47.825,0.025,47.85,9339.0,2799.0
2017-05-11,47.35,48.225,47.35,47.8,0.5,47.825,12131.0,2849.0
2017-05-10,46.2,47.775,46.0,47.35,1.45,47.325,14878.0,3125.0
2017-05-09,46.5,46.775,45.525,46.175,0.55,45.875,13445.0,2951.0
2017-05-08,46.425,46.975,45.725,46.5,0.2,46.425,17956.0,2856.0
2017-05-05,45.525,46.675,43.65,46.5,0.7,46.225,26825.0,3683.0
2017-05-04,47.6,47.75,45.275,45.5,2.3,45.525,21473.0,3188.0
2017-05-03,48.1,48.225,47.3,47.55,0.175,47.825,11777.0,3027.0
2017-05-02,48.775,49.275,47.35,48.05,1.2,47.65,12693.0,2618.0
2017-05-01,49.2,49.3,48.575,48.725,0.475,48.85,5310.0,2365.0
2017-04-28,49.275,49.775,48.8,49.2,0.35,49.325,10140.0,2273.0
2017-04-27,49.2,49.425,48.2,49.225,0.65,48.975,12300.0,2333.0
2017-04-26,49.425,50.2,48.925,49.2,0.075,49.625,11836.0,2106.0
2017-04-25,49.2,49.825,48.85,49.375,0.325,49.55,9897.0,2147.0
2017-04-24,49.7,50.2,49.025,49.225,0.395,49.225,8962.0,1937.0
2017-04-21,50.725,50.95,49.2,49.625,1.09,49.62,12972.0,1723.0
2017-04-20,51.05,51.4,50.5,50.7,0.14,50.71,10619.0,1600.0
2017-04-19,52.4,52.625,50.075,50.4,1.97,50.44,1844.0,1507.0
2017-04-18,52.775,52.875,52.1,52.35,0.24,52.41,5498.0,1866.0
2017-04-17,52.95,53.225,52.55,52.725,0.53,52.65,5204.0,2145.0
2017-04-13,52.825,53.375,52.825,52.925,0.07,53.18,6478.0,2329.0
2017-04-12,53.4,53.75,52.725,52.825,0.29,53.11,8593.0,2611.0
2017-04-11,53.125,53.45,52.7,53.4,0.32,53.4,8402.0,2868.0
2017-04-10,52.3,53.175,52.275,53.125,0.84,53.08,7147.0,2673.0
2017-04-07,51.7,52.95,51.5,52.35,0.54,52.24,12761.0,2651.0
2017-04-06,50.775,51.825,50.775,51.725,0.55,51.7,6381.0,2412.0
2017-04-05,51.175,52.075,50.75,50.825,0.12,51.15,11207.0,2470.0
2017-04-04,50.275,51.3,49.875,51.1,0.79,51.03,8137.0,2392.0
2017-04-03,50.725,50.825,50.125,50.25,0.36,50.24,6561.0,2530.0
2017-03-31,50.325,50.85,49.9,50.8,0.25,50.6,9868.0,2586.0
2017-03-30,49.625,50.45,49.275,50.35,0.84,50.35,10607.0,2533.0
2017-03-29,48.425,49.65,48.375,49.625,1.14,49.51,9763.0,2558.0
2017-03-28,47.9,48.75,47.8,48.45,0.64,48.37,9881.0,2550.0
2017-03-27,48.125,48.275,47.075,47.825,0.24,47.73,9725.0,2472.0
2017-03-24,47.675,48.2,47.525,48.175,0.27,47.97,7810.0,2556.0
2017-03-23,48.125,48.45,47.575,47.675,0.34,47.7,8526.0,2283.0
2017-03-22,48.15,48.325,47.075,48.175,0.2,48.04,13859.0,2586.0
2017-03-21,48.9,49.475,47.975,48.15,0.67,48.24,12541.0,1957.0
2017-03-20,48.65,48.725,47.85,48.225,0.56,48.22,972.0,1996.0
2017-03-17,48.8,49.2,48.6,48.7,0.03,48.78,5099.0,2145.0
2017-03-16,49.025,49.6,48.45,48.775,0.11,48.75,11942.0,2616.0
2017-03-15,48.7,49.05,48.15,48.975,1.14,48.86,16467.0,2724.0
2017-03-14,48.45,48.8,47.1,48.525,0.68,47.72,21138.0,2547.0
2017-03-13,48.4,48.675,47.9,48.45,0.09,48.4,15158.0,2629.0
2017-03-10,49.625,50.1,48.325,48.35,0.79,48.49,20276.0,2592.0
2017-03-09,50.225,50.85,48.625,49.625,1.0,49.28,28316.0,2623.0
2017-03-08,52.8,52.925,50.05,50.2,2.86,50.28,19808.0,1942.0
2017-03-07,53.175,53.775,52.725,52.775,0.06,53.14,8887.0,2021.0
2017-03-06,53.2,53.575,52.75,53.2,0.13,53.2,8965.0,2068.0
2017-03-03,52.55,53.375,52.55,53.25,0.72,53.33,8563.0,2527.0
2017-03-02,53.675,53.8,52.525,52.55,1.22,52.61,11179.0,1979.0
2017-03-01,53.925,54.45,53.625,53.65,0.18,53.83,10625.0,1952.0
2017-02-28,54.05,54.225,53.175,53.975,0.04,54.01,12198.0,1975.0
2017-02-27,54.05,54.6,53.95,54.05,0.06,54.05,7039.0,1969.0
2017-02-24,54.35,54.525,53.75,54.0,0.46,53.99,7643.0,2262.0
2017-02-23,53.925,54.975,53.9,54.35,0.86,54.45,10957.0,2295.0
2017-02-22,54.25,54.6,53.4,53.875,0.74,53.59,9982.0,2088.0
2017-02-21,53.85,55.025,53.725,54.25,0.55,54.33,13163.0,1246.0
2017-02-17,53.45,53.525,52.9,53.425,0.04,53.4,1098.0,1780.0
2017-02-16,53.0,53.6,52.675,53.475,0.25,53.36,7962.0,2101.0
2017-02-15,52.975,53.5,52.75,53.0,0.09,53.11,9273.0,2191.0
2017-02-14,52.9,53.7,52.85,53.0,0.27,53.2,7704.0,2310.0
2017-02-13,53.775,53.95,52.75,52.85,0.93,52.93,7436.0,2712.0
2017-02-10,53.125,54.125,52.9,53.875,0.86,53.86,8331.0,2549.0
2017-02-09,52.375,53.225,52.375,53.15,0.66,53.0,7893.0,2569.0
2017-02-08,51.7,52.675,51.225,52.4,0.17,52.34,13505.0,2845.0
2017-02-07,53.125,53.225,51.625,51.7,0.84,52.17,10927.0,2516.0
2017-02-06,53.85,54.125,52.9,53.1,0.82,53.01,8532.0,2630.0
2017-02-03,53.675,54.2,53.4,53.85,0.29,53.83,9612.0,2577.0
2017-02-02,53.55,54.325,53.35,53.65,0.34,53.54,10343.0,2589.0
2017-02-01,52.775,53.9,52.65,53.55,1.07,53.88,12248.0,2301.0
2017-01-31,52.6,53.575,52.25,52.85,0.18,52.81,10658.0,2272.0
2017-01-30,53.175,53.45,52.4,52.575,0.54,52.63,8250.0,2013.0
2017-01-27,53.725,54.075,52.575,53.15,0.61,53.17,9561.0,2351.0
2017-01-26,52.925,54.05,52.8,53.75,1.03,53.78,10613.0,1931.0
2017-01-25,52.975,53.475,52.55,52.925,0.43,52.75,10318.0,2071.0
2017-01-24,52.85,53.575,52.675,52.95,0.43,53.18,8252.0,1901.0
2017-01-23,53.3,53.475,52.225,52.825,0.47,52.75,8228.0,1970.0
2017-01-20,52.175,53.675,52.15,53.225,1.1,53.22,9609.0,1690.0
2017-01-19,51.375,51.875,51.025,51.35,0.29,51.37,851.0,2284.0
2017-01-18,52.5,52.775,50.925,51.35,1.4,51.08,6864.0,2391.0
2017-01-17,52.5,53.5,52.1,52.55,0.11,52.48,14559.0,2660.0
2017-01-13,53.025,53.15,52.275,52.525,0.64,52.37,9106.0,2628.0
2017-01-12,52.35,53.5,52.125,53.1,0.76,53.01,10981.0,2547.0
2017-01-11,50.825,52.775,50.75,52.375,1.43,52.25,14440.0,3013.0
2017-01-10,51.85,52.375,50.725,50.775,1.14,50.82,10215.0,2717.0
2017-01-09,53.725,53.825,51.75,51.75,2.03,51.96,8853.0,2266.0
2017-01-06,53.75,54.3,53.325,53.7,0.23,53.99,8955.0,2223.0
2017-01-05,53.375,54.1,52.775,53.725,0.5,53.76,11492.0,2305.0
2017-01-04,52.5,53.45,52.15,53.375,0.93,53.26,10277.0,2481.0
2017-01-03,54.0,55.25,52.125,52.5,1.39,52.33,16301.0,2034.0
2016-12-30,53.875,54.1,53.425,53.9,0.05,53.72,4362.0,2007.0
2016-12-29,53.625,54.2,53.45,53.875,0.29,53.77,5999.0,2223.0
2016-12-28,53.9,54.375,53.575,53.625,0.16,54.06,6054.0,2433.0
2016-12-27,53.225,54.125,53.05,53.9,0.88,53.9,4972.0,2295.0
2016-12-23,52.65,53.275,52.25,53.25,0.07,53.02,5402.0,2107.0
2016-12-22,52.525,53.2,52.1,52.675,0.46,52.95,7543.0,2204.0
2016-12-21,53.55,53.775,52.3,52.55,0.81,52.49,8071.0,2129.0
2016-12-20,53.125,53.775,52.85,53.5,0.24,53.3,7306.0,2031.0
2016-12-19,52.05,52.525,51.5,52.125,0.22,52.12,1196.0,1911.0
2016-12-16,51.1,52.1,50.5,52.0,1.0,51.9,6544.0,1948.0
2016-12-15,50.775,51.45,49.95,51.1,0.14,50.9,11714.0,2474.0
2016-12-14,52.475,52.775,50.65,50.75,1.94,51.04,14302.0,2411.0
2016-12-13,52.475,53.425,52.35,52.475,0.15,52.98,11019.0,2418.0
2016-12-12,52.15,54.5,52.15,52.475,1.33,52.83,16631.0,2264.0
2016-12-09,50.95,51.65,50.85,51.425,0.66,51.5,8362.0,2340.0
2016-12-08,49.825,51.0,49.625,51.0,1.07,50.84,12004.0,2291.0
2016-12-07,50.925,51.2,49.725,49.825,1.16,49.77,14438.0,2524.0
2016-12-06,51.0,51.6,50.275,50.925,0.86,50.93,10689.0,2589.0
2016-12-05,51.55,52.4,50.95,51.025,0.11,51.79,10937.0,3019.0
2016-12-02,50.95,51.725,50.175,51.675,0.62,51.68,12907.0,3008.0
2016-12-01,49.075,51.8,49.0,50.85,1.62,51.06,21338.0,2676.0
2016-11-30,45.25,49.875,45.225,48.975,4.21,49.44,36054.0,2709.0
2016-11-29,46.9,46.975,44.825,45.225,1.85,45.23,16781.0,2400.0
2016-11-28,45.6,47.65,45.125,46.875,1.02,47.08,17936.0,2643.0
2016-11-25,47.975,48.25,45.875,45.975,1.9,46.06,9926.0,2284.0
2016-11-23,47.975,48.425,47.4,47.95,0.07,47.96,10419.0,2382.0
2016-11-22,48.35,49.2,47.175,47.9,0.21,48.03,15571.0,2376.0
2016-11-21,46.725,48.525,46.5,48.3,1.88,48.24,11145.0,2681.0
2016-11-18,44.9,45.775,44.575,45.675,0.27,45.69,1580.0,2727.0
2016-11-17,45.35,46.55,44.875,44.9,0.15,45.42,7808.0,3060.0
2016-11-16,45.75,46.4,45.0,45.3,0.24,45.57,13367.0,3398.0
2016-11-15,43.7,46.125,43.575,45.775,2.49,45.81,11873.0,3947.0
2016-11-14,43.25,43.8,42.2,43.7,0.09,43.32,9463.0,4341.0
2016-11-11,44.35,44.625,43.025,43.1,1.25,43.41,9072.0,4224.0
2016-11-10,45.325,45.625,44.275,44.3,0.61,44.66,10756.0,3956.0
2016-11-09,44.825,45.95,43.1,45.3,0.29,45.27,19207.0,4184.0
2016-11-08,45.0,45.4,44.4,44.8,0.09,44.98,9542.0,4127.0
2016-11-07,44.375,45.0,44.125,44.9,0.82,44.89,8891.0,4128.0
2016-11-04,44.675,44.875,43.55,44.125,0.59,44.07,14705.0,3701.0
2016-11-03,45.525,45.925,44.375,44.65,0.68,44.66,8985.0,3467.0
2016-11-02,46.35,46.475,44.975,45.5,1.33,45.34,11355.0,3120.0
2016-11-01,46.75,47.35,46.2,46.35,0.19,46.67,12416.0,3166.0
2016-10-31,48.4,48.725,46.65,46.775,1.84,46.86,10555.0,2415.0
2016-10-28,49.625,49.8,48.4,48.625,1.02,48.7,10041.0,2284.0
2016-10-27,49.225,50.075,49.025,49.625,0.54,49.72,8999.0,2393.0
2016-10-26,49.3,50.1,48.875,49.25,0.78,49.18,12602.0,2278.0
2016-10-25,50.5,50.925,49.275,49.3,0.56,49.96,9235.0,2106.0
2016-10-24,50.9,50.975,49.625,50.475,0.33,50.52,9619.0,2240.0
2016-10-21,50.625,51.025,50.2,51.0,0.22,50.85,7794.0,2213.0
2016-10-20,51.65,51.825,50.425,50.6,1.19,50.63,7902.0,2663.0
2016-10-19,50.775,51.95,50.675,51.6,1.31,51.6,1186.0,1645.0
2016-10-18,50.05,50.8,49.75,50.75,0.35,50.29,3791.0,1878.0
2016-10-17,50.3,50.6,49.475,50.075,0.41,49.94,6957.0,2190.0
2016-10-14,50.55,51.15,49.9,50.325,0.09,50.35,8230.0,2325.0
2016-10-13,50.0,50.6,49.375,50.525,0.26,50.44,11071.0,2317.0
2016-10-12,50.875,51.15,49.9,50.025,0.61,50.18,8830.0,2357.0
2016-10-11,51.125,51.55,50.4,50.875,0.56,50.79,12141.0,2322.0
2016-10-10,49.575,51.6,49.175,51.15,1.54,51.35,11678.0,2172.0
2016-10-07,50.575,50.75,49.4,49.55,0.63,49.81,14002.0,2395.0
2016-10-06,49.675,50.625,49.35,50.575,0.61,50.44,11163.0,2217.0
2016-10-05,49.225,49.975,49.1,49.7,1.14,49.83,11735.0,2093.0
2016-10-04,48.625,49.275,48.25,49.2,0.12,48.69,12807.0,2271.0
2016-10-03,48.025,49.025,47.775,48.625,0.57,48.81,10780.0,2230.0
2016-09-30,47.725,48.3,47.05,48.075,0.41,48.24,12036.0,2478.0
2016-09-29,47.175,48.325,46.6,47.725,0.78,47.83,17924.0,2338.0
2016-09-28,44.9,47.45,44.35,47.125,2.38,47.05,26584.0,2290.0
2016-09-27,45.625,45.975,44.2,44.95,1.26,44.67,16347.0,2303.0
2016-09-26,44.575,46.2,44.425,45.625,1.45,45.93,11542.0,2256.0
2016-09-23,46.075,46.55,44.225,44.55,1.84,44.48,13883.0,2119.0
2016-09-22,45.6,46.525,45.525,46.1,0.98,46.32,7357.0,2072.0
2016-09-21,44.5,45.65,44.5,45.6,1.29,45.34,10507.0,2149.0
2016-09-20,43.75,44.6,43.05,44.45,0.19,44.05,11344.0,2093.0
2016-09-19,43.2,44.15,43.05,43.25,0.27,43.3,1317.0,2965.0
2016-09-16,43.725,43.75,42.75,43.2,0.88,43.03,6439.0,2980.0
2016-09-15,43.725,44.35,43.275,43.7,0.33,43.91,10221.0,3140.0
2016-09-14,45.025,45.325,43.45,43.625,1.32,43.58,15080.0,3086.0
2016-09-13,46.075,46.125,44.75,44.95,1.39,44.9,10543.0,2928.0
2016-09-12,45.6,46.525,44.725,46.075,0.41,46.29,12890.0,3102.0
2016-09-09,47.325,47.35,45.55,45.725,1.74,45.88,11544.0,2695.0
2016-09-08,46.15,47.75,45.775,47.3,2.12,47.62,16081.0,2736.0
2016-09-07,44.85,46.175,44.55,46.125,0.67,45.5,13152.0,3054.0
2016-09-06,44.2,46.55,43.85,44.875,0.39,44.83,26472.0,2752.0
2016-09-02,43.55,44.675,43.15,44.175,1.28,44.44,13890.0,3261.0
2016-09-01,44.85,45.075,43.0,43.525,1.54,43.16,12013.0,2712.0
2016-08-31,46.25,46.4,44.525,44.85,1.65,44.7,10887.0,2264.0
2016-08-30,46.95,47.5,46.225,46.275,0.63,46.35,8551.0,2063.0
2016-08-29,46.975,47.3,46.625,46.925,0.66,46.98,6306.0,1919.0
2016-08-26,47.375,48.45,46.925,47.325,0.31,47.64,13322.0,1994.0
2016-08-25,46.775,47.45,46.4,47.375,0.56,47.33,9991.0,2052.0
2016-08-24,47.575,47.75,46.45,46.75,1.33,46.77,12250.0,2311.0
2016-08-23,47.375,48.325,46.575,47.575,0.69,48.1,13125.0,2327.0
2016-08-22,49.05,49.05,47.325,47.375,1.7,47.41,8847.0,2287.0
2016-08-19,48.375,48.725,47.925,48.525,0.3,48.52,1476.0,2177.0
2016-08-18,46.875,48.375,46.625,48.3,1.43,48.22,5899.0,2401.0
2016-08-17,46.375,46.95,45.9,46.9,0.21,46.79,12663.0,2529.0
2016-08-16,45.6,46.725,45.35,46.45,0.84,46.58,10331.0,2425.0
2016-08-15,44.75,45.925,44.4,45.7,1.25,45.74,12247.0,2300.0
2016-08-12,43.45,44.8,43.3,44.725,1.0,44.49,11932.0,2523.0
2016-08-11,41.525,43.85,41.1,43.45,1.78,43.49,13920.0,2425.0
2016-08-10,42.75,43.375,41.425,41.525,1.06,41.71,13654.0,2131.0
2016-08-09,42.825,43.525,42.475,42.75,0.25,42.77,10180.0,2146.0
2016-08-08,42.025,43.375,41.8,42.85,1.22,43.02,9098.0,2460.0
2016-08-05,41.825,42.1,41.05,42.0,0.13,41.8,9073.0,2399.0
2016-08-04,41.175,42.075,40.45,41.8,1.1,41.93,10687.0,2526.0
2016-08-03,39.725,41.175,39.25,41.15,1.32,40.83,13529.0,2874.0
2016-08-02,40.075,40.9,39.25,39.75,0.55,39.51,9875.0,2998.0
2016-08-01,41.375,41.9,39.825,40.075,1.54,40.06,8530.0,2794.0
2016-07-29,41.1,41.65,40.575,41.425,0.46,41.6,8748.0,2891.0
2016-07-28,41.85,42.225,41.05,41.1,0.78,41.14,8101.0,2595.0
2016-07-27,42.675,43.2,41.675,41.9,1.0,41.92,10644.0,2747.0
2016-07-26,43.05,43.375,42.35,42.65,0.21,42.92,8281.0,2622.0
2016-07-25,44.225,44.375,42.95,43.025,1.06,43.13,5967.0,2344.0
2016-07-22,44.6,44.95,43.75,44.2,0.56,44.19,9954.0,2114.0
2016-07-21,45.625,46.1,44.5,44.525,1.0,44.75,9854.0,1674.0
2016-07-20,45.475,46.1,44.55,45.65,0.3,45.75,13261.0,1370.0
2016-07-19,45.175,45.65,44.575,44.675,0.59,44.65,796.0,1257.0
2016-07-18,46.2,46.2,44.85,45.225,0.71,45.24,6509.0,1289.0
2016-07-15,45.475,46.325,45.05,46.25,0.27,45.95,9153.0,1377.0
2016-07-14,45.1,45.8,44.975,45.475,0.93,45.68,9806.0,1828.0
2016-07-13,46.575,46.9,44.55,45.125,2.05,44.75,14001.0,1580.0
2016-07-12,44.6,46.95,44.525,46.6,2.04,46.8,11360.0,2157.0
2016-07-11,45.025,45.775,44.425,44.525,0.65,44.76,9546.0,2051.0
2016-07-08,45.2,45.975,44.775,45.15,0.27,45.41,11895.0,2143.0
2016-07-07,47.9,48.25,44.875,45.2,2.29,45.14,14680.0,1848.0
2016-07-06,46.825,47.925,45.925,47.9,0.83,47.43,11384.0,2013.0
2016-07-05,49.3,49.375,46.35,46.875,2.39,46.6,12074.0,1652.0
2016-07-01,48.375,49.275,47.9,49.275,0.66,48.99,8105.0,1702.0
2016-06-30,49.5,49.6,48.175,48.375,1.55,48.33,10367.0,1841.0
2016-06-29,48.05,50.0,47.975,49.55,2.03,49.88,10852.0,1798.0
2016-06-28,46.625,48.225,46.5,48.125,1.52,47.85,10698.0,1863.0
2016-06-27,47.75,47.95,45.825,46.625,1.31,46.33,11474.0,1702.0
2016-06-24,50.2,50.45,46.725,47.5,2.47,47.64,21021.0,1435.0
2016-06-23,49.05,50.225,49.05,50.15,0.98,50.11,8627.0,1369.0
2016-06-22,50.2,50.525,48.425,49.0,0.72,49.13,12720.0,1453.0
2016-06-21,49.775,50.425,48.85,50.175,0.11,49.85,8798.0,1542.0
2016-06-20,48.35,49.4,48.2,49.4,1.39,49.37,1038.0,1571.0
2016-06-17,46.0,48.3,45.85,48.225,1.77,47.98,8928.0,1995.0
2016-06-16,47.45,47.75,45.9,46.025,1.8,46.21,11016.0,1693.0
2016-06-15,47.85,48.725,47.275,47.425,0.48,48.01,11673.0,1666.0
2016-06-14,48.525,48.7,47.85,47.925,0.39,48.49,7468.0,1792.0
2016-06-13,48.975,49.275,48.15,48.575,0.19,48.88,8859.0,1515.0
2016-06-10,50.475,50.75,48.8,48.875,1.49,49.07,9975.0,1968.0
2016-06-09,51.45,51.675,50.225,50.425,0.67,50.56,9607.0,2470.0
2016-06-08,50.425,51.625,50.325,51.55,0.87,51.23,11694.0,2315.0
2016-06-07,49.725,50.525,49.45,50.425,0.67,50.36,8860.0,2126.0
2016-06-06,48.9,49.9,48.725,49.7,1.07,49.69,9342.0,1898.0
2016-06-03,49.05,49.4,48.325,48.875,0.55,48.62,12136.0,2133.0
2016-06-02,48.875,49.45,47.975,49.025,0.16,49.17,16103.0,1942.0
2016-06-01,48.825,49.25,47.75,48.9,0.09,49.01,11769.0,2284.0
2016-05-31,49.6,50.1,48.8,48.85,0.23,49.1,10558.0,1958.0
2016-05-27,49.3,49.6,48.7,49.55,0.15,49.33,8519.0,2018.0
2016-05-26,49.7,50.2,49.2,49.4,0.08,49.48,11198.0,2233.0
2016-05-25,49.1,49.75,48.65,49.725,0.94,49.56,14184.0,1979.0
2016-05-24,48.1,49.25,47.65,49.1,0.54,48.62,10855.0,1760.0
2016-05-23,48.5,48.5,47.4,48.075,0.33,48.08,9373.0,1637.0
2016-05-20,48.725,49.3,47.95,48.45,0.26,48.41,12447.0,1775.0
2016-05-19,47.9,48.25,46.75,48.175,0.03,48.16,1403.0,2136.0
2016-05-18,48.5,48.95,47.775,47.9,0.12,48.19,15896.0,2706.0
2016-05-17,47.9,48.8,47.55,48.6,0.59,48.31,12942.0,2860.0
2016-05-16,46.35,47.975,46.15,47.9,1.51,47.72,11983.0,2498.0
2016-05-13,46.375,46.5,45.75,46.35,0.49,46.21,12039.0,2713.0
2016-05-12,46.0,47.0,45.625,46.425,0.47,46.7,17196.0,2867.0
2016-05-11,44.6,46.35,43.975,45.975,1.57,46.23,19489.0,2599.0
2016-05-10,43.25,44.775,43.025,44.55,1.22,44.66,15913.0,2401.0
2016-05-09,44.75,45.925,43.25,43.275,1.22,43.44,17253.0,2868.0
2016-05-06,44.525,45.325,43.525,44.55,0.34,44.66,19562.0,2730.0
2016-05-05,44.05,46.075,43.975,44.475,0.54,44.32,20228.0,2599.0
2016-05-04,43.85,44.875,43.225,44.05,0.13,43.78,17175.0,2753.0
2016-05-03,44.825,45.35,43.325,43.85,1.13,43.65,13803.0,2729.0
2016-05-02,45.975,46.15,44.525,44.9,1.14,44.78,11027.0,3061.0
2016-04-29,45.925,46.8,45.25,46.025,0.11,45.92,15897.0,3044.0
2016-04-28,45.3,46.125,44.95,45.825,0.7,46.03,11452.0,2785.0
2016-04-27,44.625,45.625,43.75,45.275,1.29,45.33,18408.0,2621.0
2016-04-26,42.925,44.825,42.5,44.675,1.4,44.04,12496.0,2353.0
2016-04-25,43.725,44.05,42.6,42.975,1.09,42.64,12342.0,2347.0
2016-04-22,43.4,44.45,43.125,43.725,0.55,43.73,13141.0,2330.0
2016-04-21,43.925,44.5,43.05,43.45,1.0,43.18,14166.0,2621.0
2016-04-20,42.35,44.275,41.3,43.95,1.71,44.18,17361.0,2183.0
2016-04-19,39.975,41.525,39.575,41.05,1.3,41.08,1209.0,1303.0
2016-04-18,39.15,40.25,37.65,40.025,0.58,39.78,9990.0,1420.0
2016-04-15,41.4,41.725,39.975,40.425,1.14,40.36,9522.0,1593.0
2016-04-14,41.55,42.15,40.825,41.425,0.26,41.5,8435.0,1784.0
2016-04-13,41.675,42.425,41.25,41.525,0.41,41.76,13845.0,1846.0
2016-04-12,40.35,42.25,40.1,41.675,1.81,42.17,15313.0,1998.0
2016-04-11,39.525,40.725,39.275,40.325,0.64,40.36,11466.0,1921.0
2016-04-08,37.525,39.825,37.45,39.65,2.46,39.72,15004.0,2128.0
2016-04-07,37.75,38.3,36.7,37.5,0.49,37.26,10267.0,2297.0
2016-04-06,36.55,37.9,36.4,37.75,1.86,37.75,13459.0,2492.0
2016-04-05,35.5,36.575,35.25,36.55,0.19,35.89,10586.0,2473.0
2016-04-04,36.6,37.2,35.45,35.475,1.09,35.7,12122.0,2344.0
2016-04-01,38.15,38.475,36.6,36.625,1.55,36.79,12604.0,2152.0
2016-03-31,38.3,39.025,37.575,38.1,0.02,38.34,11060.0,2210.0
2016-03-30,38.475,39.85,38.125,38.3,0.04,38.32,11744.0,2413.0
2016-03-29,39.3,39.475,37.9,38.5,1.11,38.28,9211.0,2084.0
2016-03-28,39.55,40.15,38.875,39.25,0.07,39.39,6987.0,1973.0
2016-03-24,39.725,39.75,38.325,39.575,0.33,39.46,11683.0,1805.0
2016-03-23,41.2,41.3,39.675,39.8,1.66,39.79,9931.0,1995.0
2016-03-22,41.6,41.9,40.775,41.2,0.07,41.45,8458.0,1889.0
2016-03-21,41.05,41.775,40.4,41.625,0.38,41.52,9716.0,1533.0
2016-03-18,41.625,42.5,41.025,41.175,0.52,41.14,10505.0,1480.0
2016-03-17,38.525,40.35,38.475,40.325,1.74,40.2,7564.0,5542.0
2016-03-16,36.75,38.625,36.6,38.6,2.12,38.46,8322.0,5481.0
2016-03-15,37.35,37.4,35.95,36.725,0.84,36.34,8788.0,5565.0
2016-03-14,38.5,38.65,36.7,37.375,1.32,37.18,9885.0,5607.0
2016-03-11,37.975,39.0,37.925,38.45,0.66,38.5,9716.0,5576.0
2016-03-10,38.175,38.475,37.225,38.025,0.45,37.84,13422.0,5699.0
2016-03-09,36.35,38.475,36.25,38.2,1.79,38.29,13394.0,5256.0
2016-03-08,37.925,38.4,36.15,36.325,1.4,36.5,16170.0,5464.0
2016-03-07,36.2,38.1,36.075,37.95,1.98,37.9,15515.0,5236.0
2016-03-04,34.65,36.325,34.425,36.275,1.35,35.92,13295.0,5180.0
2016-03-03,34.75,35.3,34.2,34.675,0.09,34.57,10985.0,4988.0
2016-03-02,33.9,35.225,33.55,34.725,0.26,34.66,15693.0,5113.0
2016-03-01,33.925,34.75,33.375,33.925,0.65,34.4,15496.0,4986.0
2016-02-29,32.775,34.0,32.325,33.875,0.97,33.75,14565.0,4787.0
2016-02-26,33.025,34.7,32.675,32.85,0.29,32.78,18602.0,4536.0
2016-02-25,32.2,33.475,31.075,33.075,0.92,33.07,16069.0,4827.0
2016-02-24,31.325,32.4,30.55,32.2,0.28,32.15,17565.0,4871.0
2016-02-23,33.325,33.575,31.2,31.35,1.52,31.87,15212.0,5052.0
2016-02-22,31.95,33.825,31.7,33.325,1.64,33.39,11668.0,4374.0
2016-02-19,32.7,32.975,31.325,32.075,1.18,31.75,10606.0,4172.0
2016-02-18,31.3,31.95,30.275,30.575,0.11,30.77,12446.0,5808.0
2016-02-17,29.125,31.35,28.725,31.35,1.62,30.66,20490.0,6583.0
2016-02-16,29.0,31.5,28.7,29.175,0.4,29.04,30902.0,5494.0
2016-02-12,27.25,29.65,26.95,29.05,3.23,29.44,24675.0,6327.0
2016-02-11,27.35,27.475,26.05,27.225,1.24,26.21,23749.0,6996.0
2016-02-10,28.35,29.2,27.25,27.325,0.49,27.45,19365.0,6268.0
2016-02-09,30.15,30.6,27.725,28.35,1.75,27.94,16900.0,5404.0
2016-02-08,30.975,31.4,29.55,30.15,1.2,29.69,12103.0,4875.0
2016-02-05,31.675,32.475,30.625,31.025,0.83,30.89,14737.0,4805.0
2016-02-04,32.725,33.6,31.525,31.675,0.56,31.72,18989.0,4627.0
2016-02-03,29.75,32.775,29.375,32.725,2.4,32.28,21847.0,5667.0
2016-02-02,31.35,31.525,29.575,29.7,1.74,29.88,15584.0,5021.0
2016-02-01,33.75,34.1,31.3,31.3,2.0,31.62,14488.0,4364.0
2016-01-29,33.675,34.4,32.65,33.75,0.4,33.62,16599.0,4528.0
2016-01-28,32.125,34.825,31.725,33.7,0.92,33.22,25636.0,4401.0
2016-01-27,30.55,32.85,30.15,32.125,0.85,32.3,20768.0,4382.0
2016-01-26,29.825,32.4,29.25,30.5,1.11,31.45,17572.0,4858.0
2016-01-25,31.975,32.75,29.55,29.85,1.85,30.34,15793.0,3815.0
2016-01-22,29.75,32.35,29.55,32.25,2.66,32.19,15692.0,4006.0
2016-01-21,28.325,30.225,27.85,29.825,1.18,29.53,17469.0,4315.0
2016-01-20,29.475,29.75,27.575,28.325,1.22,28.35,15136.0,3762.0
2016-01-19,30.3,31.35,29.375,29.45,0.82,29.57,16030.0,2747.0
2016-01-15,31.175,31.225,29.125,29.675,1.78,29.42,8734.0,2671.0
2016-01-14,30.575,31.775,30.3,31.175,0.72,31.2,10873.0,2817.0
2016-01-13,30.55,31.7,30.1,30.575,0.04,30.48,14163.0,3042.0
2016-01-12,31.15,32.2,29.925,30.575,0.97,30.44,16044.0,3418.0
2016-01-11,32.975,33.2,30.875,31.1,1.75,31.41,11339.0,3131.0
2016-01-08,33.35,34.375,32.65,32.9,0.11,33.16,11230.0,3506.0
2016-01-07,34.075,34.275,32.125,33.275,0.7,33.27,15585.0,3676.0
2016-01-06,36.1,36.375,33.775,34.05,2.0,33.97,12395.0,3640.0
2016-01-05,36.875,37.075,35.75,36.15,0.79,35.97,9093.0,3495.0
2016-01-04,37.475,38.375,36.325,36.875,0.28,36.76,11688.0,3376.0
2015-12-31,36.825,37.775,36.225,37.075,0.44,37.04,7381.0,3270.0
2015-12-30,37.375,37.375,36.4,36.825,1.27,36.6,6980.0,3266.0
2015-12-29,36.675,37.95,36.65,37.425,1.06,37.87,6521.0,3375.0
2015-12-28,38.1,38.1,36.6,36.675,1.29,36.81,5906.0,3096.0
2015-12-24,37.875,38.275,37.4,38.125,0.6,38.1,5059.0,3033.0
2015-12-23,36.45,37.95,36.3,37.9,1.36,37.5,9959.0,3332.0
2015-12-22,35.85,36.525,35.65,36.45,0.33,36.14,6413.0,3118.0
2015-12-21,35.875,36.1,35.35,35.8,0.25,35.81,6787.0,3076.0
2015-12-18,36.15,36.925,35.675,35.825,0.21,36.06,9066.0,2669.0
2015-12-17,35.775,35.85,34.625,34.8,0.57,34.95,4893.0,3261.0
2015-12-16,36.775,37.325,35.3,35.725,1.83,35.52,10090.0,3446.0
2015-12-15,36.3,37.875,36.025,36.725,1.04,37.35,11435.0,3782.0
2015-12-14,35.35,36.7,34.525,36.275,0.69,36.31,12255.0,4405.0
2015-12-11,36.625,36.825,35.15,35.325,1.14,35.62,8389.0,4300.0
2015-12-10,37.225,37.55,36.35,36.55,0.4,36.76,8672.0,4212.0
2015-12-09,37.875,38.975,36.85,37.2,0.35,37.16,13716.0,4021.0
2015-12-08,37.675,38.6,36.625,37.825,0.14,37.51,14376.0,4370.0
2015-12-07,40.1,40.125,37.5,37.65,2.32,37.65,9621.0,3773.0
2015-12-04,41.275,42.0,39.625,40.05,1.11,39.97,12687.0,3564.0
2015-12-03,40.1,41.775,40.075,41.25,1.14,41.08,8925.0,3854.0
2015-12-02,41.6,41.975,39.85,40.1,1.91,39.94,10627.0,3334.0
2015-12-01,41.7,42.225,41.175,41.625,0.2,41.85,7426.0,3312.0
2015-11-30,41.75,42.6,41.525,41.675,0.06,41.65,5884.0,3292.0
2015-11-27,43.25,43.3,41.65,41.775,1.33,41.71,5685.0,3092.0
2015-11-25,42.6,43.225,41.725,43.15,0.17,43.04,7073.0,3159.0
2015-11-24,42.025,43.425,41.875,42.625,1.12,42.87,8497.0,3307.0
2015-11-23,41.475,42.725,40.4,41.975,0.15,41.75,10255.0,3193.0
2015-11-20,41.875,42.775,41.35,41.475,0.18,41.9,7239.0,2977.0
2015-11-19,42.05,42.35,41.25,41.875,0.23,41.72,5839.0,2432.0
2015-11-18,41.075,41.525,39.925,40.675,0.08,40.75,5403.0,2616.0
2015-11-17,41.95,42.0,40.575,41.1,1.07,40.67,7723.0,2703.0
2015-11-16,40.825,42.25,40.05,42.05,1.0,41.74,11349.0,3086.0
2015-11-13,41.65,42.225,40.225,40.7,1.01,40.74,8621.0,3098.0
2015-11-12,43.075,43.325,41.525,41.6,1.18,41.75,9292.0,2966.0
2015-11-11,43.6,44.1,42.625,43.05,1.28,42.93,6838.0,2957.0
2015-11-10,44.1,44.775,43.575,43.65,0.34,44.21,6751.0,2957.0
2015-11-09,44.5,45.1,43.625,44.1,0.42,43.87,6089.0,2833.0
2015-11-06,45.4,45.65,44.125,44.55,0.91,44.29,5895.0,2752.0
2015-11-05,46.55,46.65,45.1,45.4,1.12,45.2,7221.0,2718.0
2015-11-04,47.725,48.275,46.175,46.525,1.58,46.32,9258.0,2979.0
2015-11-03,46.1,48.35,45.975,47.675,1.76,47.9,9306.0,2777.0
2015-11-02,46.425,46.7,45.55,46.075,0.45,46.14,5104.0,2794.0
2015-10-30,45.75,47.025,45.5,46.4,0.53,46.59,7022.0,2803.0
2015-10-29,46.075,46.75,45.175,45.75,0.12,46.06,9032.0,3019.0
2015-10-28,43.4,46.25,43.05,46.2,2.74,45.94,11342.0,3205.0
2015-10-27,43.775,43.9,42.6,43.4,0.78,43.2,6713.0,3105.0
2015-10-26,44.875,44.95,43.65,43.7,0.62,43.98,5222.0,2954.0
2015-10-23,45.475,45.75,44.2,44.725,0.78,44.6,7573.0,2912.0
2015-10-22,45.275,46.125,44.9,45.475,0.18,45.38,5562.0,2968.0
2015-10-21,45.875,46.075,44.8,45.175,1.09,45.2,7602.0,2802.0
2015-10-20,46.575,46.925,45.7,45.9,0.01,46.29,5822.0,2744.0
2015-10-19,47.575,47.9,46.225,46.575,1.44,46.28,5767.0,2413.0
2015-10-16,46.9,47.5,46.175,47.25,0.88,47.26,4080.0,3119.0
2015-10-15,46.25,47.025,45.225,46.9,0.26,46.38,8292.0,3389.0
2015-10-14,46.65,46.95,45.925,46.2,0.02,46.64,6673.0,3407.0
2015-10-13,47.425,48.45,46.45,46.575,0.44,46.66,9342.0,3499.0
2015-10-12,49.55,50.15,47.05,47.4,2.53,47.1,10674.0,3240.0
2015-10-09,49.7,50.9,49.15,49.5,0.2,49.63,10686.0,3405.0
2015-10-08,48.05,50.05,47.775,49.725,1.62,49.43,10679.0,3356.0
2015-10-07,49.025,49.7,47.725,48.15,0.72,47.81,13097.0,3534.0
2015-10-06,46.175,49.075,45.725,49.05,2.27,48.53,11671.0,3514.0
2015-10-05,45.6,46.9,45.2,46.15,0.72,46.26,7236.0,3737.0
2015-10-02,45.05,45.825,43.975,45.675,0.8,45.54,11530.0,3549.0
2015-10-01,45.35,47.075,44.625,45.05,0.35,44.74,13039.0,2797.0
2015-09-30,44.85,45.85,44.675,45.35,0.14,45.09,8965.0,2982.0
2015-09-29,44.475,45.7,44.325,44.875,0.8,45.23,5587.0,3018.0
2015-09-28,45.25,45.5,44.3,44.475,1.27,44.43,6738.0,2825.0
2015-09-25,45.05,46.35,44.85,45.35,0.79,45.7,8153.0,2980.0
2015-09-24,44.675,45.2,43.7,45.0,0.43,44.91,10219.0,3219.0
2015-09-23,46.5,47.15,44.425,44.6,1.88,44.48,12394.0,2719.0
2015-09-22,46.7,46.725,45.35,46.575,0.6,46.36,8657.0,2593.0
2015-09-21,45.275,47.0,45.05,46.675,1.94,46.96,7497.0,2695.0
2015-09-18,46.9,47.0,44.25,45.0,2.22,44.68,7077.0,4451.0
2015-09-17,47.175,47.7,46.35,46.925,0.25,46.9,11637.0,4653.0
2015-09-16,45.125,47.35,44.825,47.175,2.56,47.15,11639.0,4204.0
2015-09-15,44.15,45.275,43.9,45.125,0.59,44.59,7513.0,4196.0
2015-09-14,44.775,44.95,43.6,44.175,0.63,44.0,5819.0,4160.0
2015-09-11,45.6,45.85,44.15,44.775,1.29,44.63,8537.0,4220.0
2015-09-10,44.15,46.05,43.4,45.725,1.77,45.92,10637.0,4042.0
2015-09-09,45.75,46.25,44.05,44.125,1.79,44.15,8864.0,4058.0
2015-09-08,45.625,46.4,44.175,45.725,0.11,45.94,14443.0,4087.0
2015-09-04,46.65,47.425,45.65,45.775,0.7,46.05,11364.0,4202.0
2015-09-03,46.05,48.425,45.65,46.725,0.5,46.75,18233.0,4482.0
2015-09-02,44.3,46.75,43.2,46.0,0.84,46.25,20669.0,4293.0
2015-09-01,48.15,48.85,44.125,44.15,3.79,45.41,21235.0,5084.0
2015-08-31,45.075,49.325,43.6,48.175,3.98,49.2,23891.0,4336.0
2015-08-28,42.65,45.875,41.8,45.35,2.66,45.22,20855.0,4179.0
2015-08-27,38.925,42.85,38.925,42.8,3.96,42.56,13254.0,3913.0
2015-08-26,39.625,39.85,38.5,38.85,0.71,38.6,7949.0,4111.0
2015-08-25,38.15,39.9,38.15,39.7,1.07,39.31,8782.0,4312.0
2015-08-24,40.35,40.5,37.75,38.05,2.21,38.24,13449.0,4524.0
2015-08-21,41.025,41.4,39.875,40.375,0.87,40.45,8411.0,4293.0
2015-08-20,40.95,41.8,40.525,40.975,0.05,41.32,8598.0,4232.0
2015-08-19,42.85,43.175,40.8,40.9,1.85,41.27,9968.0,3796.0
2015-08-18,41.875,42.9,41.425,42.375,0.75,42.62,3885.0,2680.0
2015-08-17,42.175,42.675,41.625,41.9,0.63,41.87,5511.0,3157.0
2015-08-14,42.25,42.95,39.55,42.125,0.27,42.5,6129.0,3488.0
2015-08-13,43.325,43.725,41.9,42.2,1.07,42.23,6767.0,3059.0
2015-08-12,43.275,43.875,42.775,43.275,0.22,43.3,8304.0,3177.0
2015-08-11,44.8,45.325,42.7,43.2,1.88,43.08,7968.0,2699.0
2015-08-10,43.25,45.0,43.25,44.8,1.09,44.96,6990.0,3088.0
2015-08-07,44.8,45.125,43.7,43.775,0.79,43.87,6090.0,2915.0
2015-08-06,45.125,45.25,44.2,44.85,0.49,44.66,6073.0,2784.0
2015-08-05,46.0,46.7,44.825,45.125,0.59,45.15,7730.0,2594.0
2015-08-04,45.35,46.225,45.325,45.975,0.57,45.74,5814.0,2818.0
2015-08-03,46.8,47.0,45.1,45.35,1.95,45.17,7985.0,2988.0
2015-07-31,48.425,48.625,46.7,46.725,1.4,47.12,7213.0,3228.0
2015-07-30,48.825,49.375,48.325,48.45,0.27,48.52,5485.0,3404.0
2015-07-29,47.75,49.5,47.4,48.85,0.81,48.79,8505.0,3791.0
2015-07-28,47.0,48.425,46.675,47.8,0.59,47.98,7129.0,4107.0
2015-07-27,48.075,48.2,46.925,46.975,0.75,47.39,5759.0,3937.0
2015-07-24,48.75,49.05,47.725,47.95,0.31,48.14,6697.0,4158.0
2015-07-23,49.225,49.625,48.2,48.875,0.74,48.45,6683.0,4224.0
2015-07-22,50.65,50.675,49.05,49.2,1.67,49.19,8104.0,4273.0
2015-07-21,50.25,51.4,50.075,50.625,0.42,50.86,5176.0,4165.0
2015-07-20,51.075,51.6,50.15,50.225,0.77,50.44,4926.0,4033.0
2015-07-17,50.95,51.225,50.15,50.8,0.02,50.89,4228.0,3534.0
2015-07-16,51.625,52.175,50.825,50.95,0.5,50.91,6910.0,3454.0
2015-07-15,53.375,53.525,51.225,51.6,1.63,51.41,8464.0,2982.0
2015-07-14,51.975,53.425,50.9,53.35,0.84,53.04,9700.0,3015.0
2015-07-10,52.5,53.875,51.95,52.85,0.04,52.74,7851.0,2989.0
2015-07-09,51.8,53.55,51.525,52.6,1.13,52.78,7693.0,2859.0
2015-07-08,52.9,53.0,50.925,51.775,0.68,51.65,9933.0,2861.0
2015-07-07,52.725,53.45,50.6,52.925,0.2,52.33,14451.0,3642.0
2015-07-06,54.925,56.8,52.425,52.675,4.4,52.53,10883.0,2577.0
2015-07-02,56.925,57.95,56.5,56.93,0.03,56.93,7119.0,2809.0
2015-07-01,59.05,59.05,56.675,56.96,2.51,56.96,9001.0,2050.0
2015-06-30,58.25,59.7,57.95,59.47,1.14,59.47,6613.0,2294.0
2015-06-29,59.05,59.275,58.05,58.33,1.3,58.33,7040.0,2365.0
2015-06-26,59.625,59.95,58.775,59.63,0.07,59.63,5436.0,2204.0
2015-06-25,60.15,60.45,59.425,59.7,0.57,59.7,4638.0,2460.0
2015-06-24,61.125,61.575,59.825,60.27,0.74,60.27,9372.0,2620.0
2015-06-23,60.225,61.4,59.525,61.01,0.63,61.01,9543.0,2029.0
2015-06-22,59.75,60.65,59.275,60.38,0.41,60.38,6783.0,2214.0
2015-06-19,60.825,60.925,59.225,59.97,0.85,59.97,7052.0,2156.0
2015-06-18,59.775,60.85,59.25,60.45,0.53,60.45,4198.0,2307.0
2015-06-17,60.075,61.375,58.85,59.92,0.05,59.92,8608.0,2267.0
2015-06-16,59.675,60.35,59.425,59.97,0.45,59.97,6021.0,2592.0
2015-06-15,59.9,60.0,58.725,59.52,0.44,59.52,5809.0,2725.0
2015-06-12,60.55,60.625,59.725,59.96,0.81,59.96,5685.0,2804.0
2015-06-11,61.1,61.525,60.225,60.77,0.66,60.77,6778.0,2880.0
2015-06-10,60.55,61.825,60.45,61.43,1.29,61.43,11133.0,2662.0
2015-06-09,58.275,60.675,58.225,60.14,2.0,60.14,8814.0,2766.0
2015-06-08,58.8,59.125,57.875,58.14,0.99,58.14,6570.0,2719.0
2015-06-05,57.9,59.25,56.825,59.13,1.13,59.13,12677.0,2807.0
2015-06-04,59.6,59.95,57.825,58.0,1.64,58.0,9372.0,2480.0
2015-06-03,60.95,61.35,59.325,59.64,1.62,59.64,9444.0,2646.0
2015-06-02,60.2,61.575,60.075,61.26,1.06,61.26,8444.0,2322.0
2015-06-01,60.275,60.625,59.325,60.2,0.1,60.2,8409.0,2464.0
2015-05-29,58.0,60.7,57.725,60.3,2.62,60.3,12636.0,3021.0
2015-05-28,57.625,58.05,56.525,57.68,0.17,57.68,9083.0,3109.0
2015-05-27,58.3,58.95,57.375,57.51,0.52,57.51,8140.0,2977.0
2015-05-26,59.9,60.25,57.725,58.03,1.69,58.03,9419.0,2527.0
2015-05-22,60.675,60.775,59.35,59.72,1.0,59.72,6990.0,2474.0
2015-05-21,58.8,60.925,58.7,60.72,1.74,60.72,9056.0,2824.0
2015-05-20,58.325,59.05,58.1,58.98,0.99,58.98,7730.0,3038.0
2015-05-19,60.375,60.4,57.95,57.99,2.25,57.99,9716.0,2417.0
2015-05-18,60.675,61.7,59.85,60.24,0.3,60.24,7262.0,2030.0
2015-05-15,59.7,59.975,58.425,59.69,0.19,59.69,5694.0,1683.0
2015-05-14,60.075,60.825,59.35,59.88,0.62,59.88,8589.0,1981.0
2015-05-13,61.225,61.925,60.025,60.5,0.25,60.5,10154.0,2157.0
2015-05-12,59.275,61.375,59.125,60.75,1.5,60.75,9437.0,2199.0
2015-05-11,59.45,59.85,58.75,59.25,0.14,59.25,7291.0,2395.0
2015-05-08,59.0,59.9,58.15,59.39,0.45,59.39,11519.0,2567.0
2015-05-07,60.65,61.35,58.5,58.94,1.99,58.94,12176.0,2539.0
2015-05-06,60.725,62.575,60.5,60.93,0.53,60.93,12243.0,2665.0
2015-05-05,58.975,61.1,58.65,60.4,1.47,60.4,10184.0,2873.0
2015-05-04,59.3,59.75,58.45,58.93,0.22,58.93,6269.0,3032.0
2015-05-01,59.75,59.9,58.325,59.15,0.48,59.15,6599.0,3075.0
2015-04-30,58.575,59.85,58.375,59.63,1.05,59.63,9059.0,3415.0
2015-04-29,56.95,59.35,56.55,58.58,1.52,58.58,12269.0,3325.0
2015-04-28,56.65,57.8,56.1,57.06,0.07,57.06,9360.0,3142.0
2015-04-27,57.375,57.875,56.55,56.99,0.16,56.99,8512.0,3344.0
2015-04-24,57.475,57.95,56.5,57.15,0.59,57.15,10468.0,3220.0
2015-04-23,56.3,58.375,55.775,57.74,1.58,57.74,11822.0,3117.0
2015-04-22,56.3,57.175,55.725,56.16,0.45,56.16,10615.0,3106.0
2015-04-21,57.925,58.075,56.125,56.61,1.27,56.61,10185.0,3037.0
2015-04-20,57.75,58.625,56.375,57.88,0.56,57.88,12171.0,2696.0
2015-04-17,56.575,56.9,55.325,55.74,0.97,55.74,7844.0,2341.0
2015-04-16,55.975,57.425,55.1,56.71,0.32,56.71,13359.0,2858.0
2015-04-15,53.475,56.675,53.4,56.39,3.1,56.39,14796.0,2772.0
2015-04-14,52.0,53.8,51.85,53.29,1.38,53.29,11270.0,2799.0
2015-04-13,51.775,53.075,51.475,51.91,0.27,51.91,11799.0,2853.0
2015-04-10,50.7,51.9,50.1,51.64,0.85,51.64,11270.0,2810.0
2015-04-09,50.975,52.05,50.5,50.79,0.37,50.79,12012.0,3082.0
2015-04-08,53.175,53.225,50.375,50.42,3.56,50.42,14432.0,3512.0
2015-04-07,51.9,54.1,51.175,53.98,1.84,53.98,14264.0,3281.0
2015-04-06,49.475,52.25,49.475,52.14,3.0,52.14,10747.0,3148.0
2015-04-02,49.625,50.275,48.1,49.14,0.95,49.14,14689.0,3277.0
2015-04-01,47.6,50.45,47.05,50.09,2.49,50.09,15358.0,3321.0
2015-03-31,48.725,48.75,47.3,47.6,1.08,47.6,14585.0,3778.0
2015-03-30,48.475,49.175,47.6,48.68,0.19,48.68,13504.0,3636.0
2015-03-27,51.025,51.375,48.2,48.87,2.56,48.87,13930.0,3895.0
2015-03-26,49.0,52.5,48.75,51.43,2.22,51.43,21577.0,3957.0
2015-03-25,47.725,49.45,47.0,49.21,1.7,49.21,15160.0,3855.0
2015-03-24,47.45,48.55,46.65,47.51,0.06,47.51,12046.0,3643.0
2015-03-23,46.4,47.625,45.325,47.45,0.88,47.45,12539.0,4006.0
2015-03-20,45.6,47.4,44.825,46.57,1.04,46.57,15053.0,3721.0
2015-03-19,46.7,46.8,44.775,45.53,1.12,45.53,13130.0,3279.0
2015-03-18,42.5,45.35,42.025,44.66,1.2,44.66,8954.0,2982.0
2015-03-17,43.725,44.2,42.4,43.46,0.42,43.46,12602.0,3413.0
2015-03-16,44.9,45.225,42.85,43.88,0.96,43.88,14505.0,4050.0
2015-03-13,46.975,47.275,44.75,44.84,2.21,44.84,12815.0,4103.0
2015-03-12,48.475,48.75,46.85,47.05,1.12,47.05,11806.0,3984.0
2015-03-11,48.75,49.025,47.325,48.17,0.12,48.17,13199.0,4084.0
2015-03-10,50.05,50.35,48.2,48.29,1.71,48.29,12626.0,3615.0
2015-03-09,49.65,50.775,49.25,50.0,0.39,50.0,12827.0,4043.0
2015-03-06,50.85,51.25,48.875,49.61,1.15,49.61,14042.0,3628.0
2015-03-05,51.625,52.4,50.6,50.76,0.77,50.76,15248.0,4302.0
2015-03-04,50.625,51.975,49.6,51.53,1.01,51.53,16917.0,4040.0
2015-03-03,49.825,50.8,49.45,50.52,0.93,50.52,13650.0,4528.0
2015-03-02,49.475,51.025,48.7,49.59,0.17,49.59,15017.0,5129.0
2015-02-27,49.0,49.95,48.475,49.76,1.59,49.76,16954.0,5396.0
2015-02-26,51.025,51.175,47.8,48.17,2.82,48.17,18662.0,5018.0
2015-02-25,49.1,51.275,48.425,50.99,1.71,50.99,18383.0,5330.0
2015-02-24,49.425,50.3,48.65,49.28,0.17,49.28,14800.0,5401.0
2015-02-23,50.8,51.0,48.675,49.45,1.36,49.45,20832.0,4614.0
2015-02-20,52.175,52.475,50.7,50.81,1.02,50.81,15324.0,4243.0
2015-02-19,51.175,52.725,49.825,51.83,0.99,51.83,22454.0,4114.0
2015-02-18,53.225,53.4,50.325,52.14,1.39,52.14,8939.0,3101.0
2015-02-17,52.675,54.1,50.8,53.53,0.75,53.53,20571.0,2983.0
2015-02-13,51.25,53.425,51.0,52.78,1.57,52.78,15533.0,2654.0
2015-02-12,49.45,51.575,49.15,51.21,2.37,51.21,21907.0,2980.0
2015-02-11,50.975,51.05,48.075,48.84,1.18,48.84,19265.0,3014.0
2015-02-10,52.375,52.625,49.875,50.02,2.84,50.02,16862.0,3108.0
2015-02-09,52.225,53.95,51.65,52.86,1.17,52.86,18329.0,3663.0
2015-02-06,50.825,53.15,50.725,51.69,1.21,51.69,23200.0,3938.0
2015-02-05,48.675,52.075,47.375,50.48,2.03,50.48,31117.0,3860.0
2015-02-04,51.7,52.55,47.925,48.45,4.6,48.45,25952.0,4034.0
2015-02-03,49.825,54.25,49.725,53.05,3.48,53.05,28917.0,4105.0
2015-02-02,47.575,50.5,46.675,49.57,1.33,49.57,23355.0,4218.0
2015-01-30,44.575,48.35,44.3,48.24,3.71,48.24,17635.0,4595.0
2015-01-29,44.375,44.95,43.575,44.53,0.08,44.53,11326.0,4977.0
2015-01-27,45.1,46.55,44.8,46.23,1.08,46.23,13257.0,4486.0
2015-01-26,45.275,46.4,44.225,45.15,0.44,45.15,11927.0,4536.0
2015-01-23,46.7,47.725,45.25,45.59,0.72,45.59,15153.0,4629.0
2015-01-22,47.35,49.175,45.875,46.31,1.47,46.31,20248.0,4303.0
2015-01-21,46.7,48.2,46.575,47.78,1.31,47.78,14087.0,4539.0
2015-01-20,49.125,49.225,46.375,46.47,2.66,46.47,17691.0,4155.0
2015-01-16,46.7,49.325,46.35,49.13,2.4,49.13,16667.0,4513.0
2015-01-15,48.5,51.25,46.075,46.25,2.23,46.25,16712.0,3860.0
2015-01-14,46.1,48.9,45.025,48.48,2.59,48.48,17381.0,4853.0
2015-01-13,45.65,46.775,44.225,45.89,0.18,45.89,16076.0,4969.0
2015-01-12,48.325,48.325,45.65,46.07,2.29,46.07,12952.0,4497.0
2015-01-09,48.95,49.6,47.15,48.36,0.43,48.36,15879.0,4497.0
2015-01-08,48.75,49.625,47.75,48.79,0.14,48.79,14111.0,4690.0
2015-01-07,48.025,49.3,46.8,48.65,0.72,48.65,19459.0,5924.0
2015-01-06,50.025,50.375,47.55,47.93,2.11,47.93,16688.0,5138.0
2015-01-05,52.7,52.7,49.7,50.04,2.65,50.04,17476.0,4344.0
2015-01-02,53.725,55.1,52.05,52.69,0.58,52.69,15938.0,4628.0
2014-12-26,55.8,56.6,54.5,54.73,1.11,54.73,5912.0,3889.0
2014-12-24,56.8,57.15,55.05,55.84,1.28,55.84,7280.0,3666.0
2014-12-23,55.425,57.55,55.075,57.12,1.86,57.12,14836.0,3988.0
2014-12-22,57.675,58.55,55.125,55.26,1.87,55.26,12238.0,3661.0
2014-12-19,55.025,58.4,54.425,57.13,2.77,57.13,15153.0,3810.0
2014-12-18,56.1,59.025,54.3,54.36,2.43,54.36,18368.0,3318.0
2014-12-17,55.375,58.95,54.225,56.47,0.54,56.47,11602.0,3315.0
2014-12-16,55.325,57.15,53.625,55.93,0.02,55.93,18031.0,3324.0
2014-12-15,57.25,58.725,55.05,55.91,1.9,55.91,11797.0,3174.0
2014-12-12,59.225,59.575,57.35,57.81,2.14,57.81,12773.0,3439.0
2014-12-10,63.35,63.425,60.45,60.94,2.88,60.94,15115.0,3006.0
2014-12-09,63.0,64.2,62.225,63.82,0.77,63.82,10549.0,2990.0
2014-12-08,65.525,65.525,62.775,63.05,2.79,63.05,8873.0,3081.0
2014-12-05,66.725,66.875,65.175,65.84,0.97,65.84,8183.0,3112.0
2014-12-04,67.4,68.2,66.075,66.81,0.57,66.81,7745.0,3284.0
2014-12-03,67.6,68.225,66.8,67.38,0.5,67.38,9724.0,3259.0
2014-12-02,69.25,69.275,66.65,66.88,2.12,66.88,13222.0,3443.0
2014-12-01,66.125,69.55,63.725,69.0,2.85,69.0,18758.0,4585.0
2014-11-28,73.5,73.55,65.3,66.15,7.54,66.15,24966.0,3456.0
2014-11-26,73.85,74.45,73.3,73.69,0.4,73.69,7631.0,4237.0
2014-11-25,75.5,76.575,73.675,74.09,1.69,74.09,10394.0,4809.0
2014-11-24,76.575,77.0,75.45,75.78,0.73,75.78,6662.0,4816.0
2014-11-21,76.325,77.825,75.625,76.51,0.66,76.51,8956.0,5273.0
2014-11-20,74.325,76.35,74.2,75.85,1.35,75.85,6121.0,5197.0
2014-11-19,74.225,75.4,73.9,74.5,0.14,74.5,7761.0,5033.0
2014-11-18,75.525,76.4,74.125,74.61,1.03,74.61,5284.0,4201.0
2014-11-17,75.95,76.2,74.725,75.64,0.18,75.64,6996.0,4774.0
2014-11-14,74.3,76.275,73.275,75.82,1.61,75.82,10760.0,5323.0
2014-11-13,76.9,77.125,74.1,74.21,2.97,74.21,12950.0,4582.0
2014-11-12,77.5,78.1,76.625,77.18,0.76,77.18,8692.0,4613.0
2014-11-11,77.275,78.05,76.45,77.94,0.54,77.94,8309.0,4678.0
2014-11-10,78.475,79.85,77.125,77.4,1.25,77.4,8730.0,4278.0
2014-11-07,77.9,79.4,77.475,78.65,0.74,78.65,8296.0,4235.0
2014-11-06,78.9,78.975,77.125,77.91,0.77,77.91,8515.0,3894.0
2014-11-05,77.4,79.35,76.475,78.68,1.49,78.68,14764.0,4263.0
2014-11-04,78.175,78.425,75.925,77.19,1.59,77.19,13769.0,3344.0
2014-11-03,80.6,80.975,78.1,78.78,1.76,78.78,11165.0,3370.0
2014-10-31,81.0,81.275,79.525,80.54,0.58,80.54,8581.0,3345.0
2014-10-30,81.925,82.1,80.725,81.12,1.08,81.12,7463.0,3228.0
2014-10-29,81.575,82.875,81.425,82.2,0.78,82.2,7905.0,3390.0
2014-10-28,80.65,81.675,80.375,81.42,0.42,81.42,6525.0,3532.0
2014-10-27,81.225,81.25,79.45,81.0,0.01,81.0,8380.0,3411.0
2014-10-24,81.925,81.925,80.375,81.01,1.08,81.01,7697.0,3428.0
2014-10-23,80.4,82.35,80.05,82.09,1.57,82.09,10919.0,3677.0
2014-10-22,82.525,83.125,80.225,80.52,1.97,80.52,9500.0,3266.0
2014-10-21,81.85,83.275,81.575,82.49,0.58,82.49,8493.0,3156.0
2014-10-20,82.4,82.725,80.8,81.91,0.15,81.91,8821.0,2947.0
2014-10-17,83.175,84.425,82.45,82.75,0.05,82.75,4873.0,2057.0
2014-10-16,80.95,84.8,79.775,82.7,0.92,82.7,13244.0,2080.0
2014-10-15,82.3,82.45,80.025,81.78,0.06,81.78,14713.0,2334.0
2014-10-14,85.025,85.6,81.35,81.84,3.9,81.84,10129.0,2180.0
2014-10-13,85.3,85.85,84.1,85.74,0.08,85.74,7212.0,2122.0
2014-10-10,84.4,86.3,83.55,85.82,0.05,85.82,10760.0,2564.0
2014-10-09,87.7,87.925,84.125,85.77,1.54,85.77,8302.0,2287.0
2014-10-08,88.45,88.625,86.825,87.31,1.54,87.31,8557.0,2164.0
2014-10-07,90.5,90.575,88.4,88.85,1.49,88.85,6595.0,1847.0
2014-10-06,89.75,90.75,88.8,90.34,0.6,90.34,6429.0,1981.0
2014-10-03,91.35,91.775,89.375,89.74,1.27,89.74,9740.0,1829.0
2014-10-02,90.725,91.575,88.175,91.01,0.28,91.01,13138.0,1974.0
2014-10-01,91.375,92.95,90.5,90.73,0.43,90.73,10025.0,2024.0
2014-09-30,94.3,94.925,90.85,91.16,3.41,91.16,11354.0,1746.0
2014-09-29,93.3,94.625,92.75,94.57,1.03,94.57,6262.0,1315.0
2014-09-26,92.525,93.875,92.25,93.54,1.01,93.54,6668.0,1209.0
2014-09-25,92.9,93.55,92.05,92.53,0.27,92.53,7172.0,1094.0
2014-09-24,91.65,93.275,91.125,92.8,1.24,92.8,7514.0,1001.0
2014-09-23,90.7,92.1,90.675,91.56,0.69,91.56,6760.0,1167.0
2014-09-22,91.625,91.925,90.4,90.87,0.78,90.87,5470.0,1108.0
2014-09-19,91.95,92.25,91.125,91.65,0.33,91.65,5594.0,1117.0
2014-09-18,94.0,94.8,92.9,93.07,1.35,93.07,3584.0,1644.0
2014-09-17,94.725,95.05,93.725,94.42,0.46,94.42,6517.0,1853.0
2014-09-16,92.75,95.2,92.45,94.88,1.96,94.88,6186.0,1945.0
2014-09-15,92.125,93.0,90.7,92.92,0.65,92.92,5887.0,2131.0
2014-09-12,93.05,93.65,91.975,92.27,0.56,92.27,6278.0,2317.0
2014-09-11,91.7,93.425,90.425,92.83,1.16,92.83,9285.0,2310.0
2014-09-10,92.775,93.05,91.225,91.67,1.08,91.67,6719.0,2370.0
2014-09-09,93.15,93.925,92.525,92.75,0.09,92.75,6674.0,2382.0
2014-09-08,93.45,93.6,91.8,92.66,0.63,92.66,6028.0,2310.0
2014-09-05,94.525,94.975,92.875,93.29,1.16,93.29,7614.0,2348.0
2014-09-04,95.1,95.4,94.175,94.45,1.09,94.45,7336.0,2556.0
2014-09-03,93.225,95.825,93.075,95.54,2.66,95.54,8564.0,3074.0
2014-09-02,95.875,95.9,92.7,92.88,3.08,92.88,8958.0,2750.0
2014-08-29,94.575,95.975,94.475,95.96,1.41,95.96,4876.0,2794.0
2014-08-28,93.725,94.7,93.45,94.55,0.67,94.55,6376.0,2933.0
2014-08-27,93.875,94.25,93.35,93.88,0.02,93.88,4119.0,2842.0
2014-08-26,93.35,94.35,93.35,93.86,0.51,93.86,4926.0,2882.0
2014-08-25,93.375,93.95,93.05,93.35,0.3,93.35,3411.0,2987.0
2014-08-22,93.9,94.05,92.95,93.65,0.31,93.65,4692.0,2924.0
2014-08-21,93.475,94.45,92.475,93.96,0.51,93.96,5494.0,2993.0
2014-08-20,92.85,93.575,92.725,93.45,0.59,93.45,4103.0,2992.0
2014-08-19,93.925,94.35,92.625,92.86,0.89,92.86,4388.0,2874.0
2014-08-18,97.2,97.2,95.8,96.41,0.94,96.41,2416.0,1673.0
2014-08-15,95.525,97.425,95.325,97.35,1.77,97.35,6309.0,1905.0
2014-08-14,97.35,97.6,95.275,95.58,2.01,95.58,7920.0,1952.0
2014-08-13,97.175,97.775,96.725,97.59,0.22,97.59,4815.0,2088.0
2014-08-12,97.85,97.95,96.825,97.37,0.71,97.37,4555.0,2250.0
2014-08-11,97.45,98.575,97.45,98.08,0.43,98.08,4057.0,2324.0
2014-08-08,97.6,98.45,97.15,97.65,0.31,97.65,4838.0,2264.0
2014-08-07,96.9,97.725,96.525,97.34,0.42,97.34,4422.0,2246.0
2014-08-06,97.6,98.125,96.65,96.92,0.46,96.92,4785.0,2083.0
2014-08-05,98.4,98.65,97.0,97.38,0.91,97.38,3991.0,1923.0
2014-08-04,97.675,98.65,97.425,98.29,0.41,98.29,3861.0,1993.0
2014-08-01,97.65,98.1,97.1,97.88,0.29,97.88,4615.0,1905.0
2014-07-31,99.525,99.85,97.6,98.17,2.1,98.17,5899.0,1951.0
2014-07-30,101.0,101.675,99.375,100.27,0.7,100.27,6085.0,1821.0
2014-07-29,101.575,101.825,100.375,100.97,0.7,100.97,5177.0,1755.0
2014-07-28,101.875,102.075,100.9,101.67,0.42,101.67,4268.0,1689.0
2014-07-25,102.05,102.525,101.0,102.09,0.02,102.09,6187.0,1630.0
2014-07-24,103.2,103.3,101.875,102.07,1.05,102.07,3998.0,1610.0
2014-07-23,102.0,103.325,101.8,103.12,0.73,103.12,4668.0,1663.0
2014-07-22,102.75,103.4,101.95,102.39,0.47,102.39,4396.0,1648.0
2014-07-21,101.725,102.95,101.475,102.86,0.91,102.86,5318.0,1348.0
2014-07-18,103.75,103.95,102.6,103.13,0.06,103.13,3206.0,3434.0
2014-07-17,101.475,103.9,101.275,103.19,1.99,103.19,6604.0,3760.0
2014-07-16,100.2,101.575,100.075,101.2,1.24,101.2,4677.0,4125.0
2014-07-15,100.95,101.05,99.0,99.96,0.95,99.96,6395.0,4052.0
2014-07-14,100.525,101.2,100.225,100.91,0.08,100.91,4979.0,4105.0
2014-07-11,102.85,102.925,100.425,100.83,2.1,100.83,6244.0,3947.0
2014-07-10,101.95,103.025,101.55,102.93,0.64,102.93,4924.0,4291.0
2014-07-09,103.5,103.6,101.9,102.29,1.11,102.29,4974.0,4270.0
2014-07-08,103.4,104.2,103.0,103.4,0.13,103.4,5108.0,4320.0
2014-07-07,103.8,104.125,103.2,103.53,0.53,103.53,3312.0,4267.0
2014-07-03,104.275,104.275,103.675,104.06,0.42,104.06,2929.0,4143.0
2014-07-02,105.225,105.525,104.1,104.48,0.86,104.48,6031.0,4012.0
2014-07-01,105.55,106.075,104.6,105.34,0.03,105.34,5458.0,3833.0
2014-06-30,105.775,105.8,104.675,105.37,0.37,105.37,4831.0,3683.0
2014-06-27,105.65,106.175,105.35,105.74,0.1,105.74,3795.0,3814.0
2014-06-26,106.7,106.8,105.05,105.84,0.66,105.84,5850.0,3864.0
2014-06-25,106.025,107.425,105.5,106.5,0.47,106.5,6849.0,3440.0
2014-06-24,106.0,106.475,105.275,106.03,0.14,106.03,4748.0,3440.0
2014-06-23,106.9,107.375,105.9,106.17,0.66,106.17,4338.0,3268.0
2014-06-20,106.075,106.925,105.825,106.83,0.78,106.83,4718.0,3126.0
2014-06-19,105.7,106.375,105.1,106.05,0.46,106.05,5634.0,3058.0
2014-06-18,106.625,106.95,105.8,105.97,0.39,105.97,2919.0,4883.0
2014-06-17,106.575,107.175,106.025,106.36,0.54,106.36,4736.0,5291.0
2014-06-16,106.9,107.55,106.525,106.9,0.01,106.9,3956.0,5444.0
2014-06-13,106.825,107.65,106.375,106.91,0.38,106.91,5519.0,5359.0
2014-06-12,104.5,106.95,104.35,106.53,2.13,106.53,8013.0,5070.0
2014-06-11,104.325,104.825,104.15,104.4,0.05,104.4,4171.0,4852.0
2014-06-10,104.5,105.05,104.0,104.35,0.06,104.35,4712.0,4898.0
2014-06-09,102.7,104.625,102.65,104.41,1.75,104.41,4813.0,4574.0
2014-06-06,102.425,103.075,102.325,102.66,0.18,102.66,3130.0,4537.0
2014-06-05,102.375,102.7,101.6,102.48,0.16,102.48,5208.0,4399.0
2014-06-04,102.775,103.7,102.325,102.64,0.02,102.64,4851.0,4278.0
2014-06-03,102.45,102.85,102.225,102.66,0.19,102.66,3390.0,4217.0
2014-06-02,102.875,103.325,102.1,102.47,0.24,102.47,3546.0,4126.0
2014-05-30,103.45,103.525,102.425,102.71,0.87,102.71,3670.0,4220.0
2014-05-29,103.075,103.95,102.6,103.58,0.86,103.58,3886.0,4037.0
2014-05-28,104.15,104.375,102.65,102.72,1.39,102.72,3944.0,4141.0
2014-05-27,104.375,104.5,103.55,104.11,0.24,104.11,4283.0,4103.0
2014-05-23,103.75,104.5,103.625,104.35,0.61,104.35,2779.0,3856.0
2014-05-22,103.825,104.2,103.55,103.74,0.33,103.74,3831.0,3690.0
2014-05-21,102.925,104.275,102.8,104.07,1.74,104.07,5689.0,3275.0
2014-05-20,102.1,103.0,101.7,102.33,0.22,102.33,3494.0,3053.0
2014-05-19,101.6,102.5,101.475,102.11,0.53,102.11,3281.0,2915.0
2014-05-16,101.575,102.225,101.4,102.02,0.52,102.02,1894.0,1123.0
2014-05-15,102.0,102.25,101.275,101.5,0.87,101.5,3174.0,1199.0
2014-05-14,101.925,102.65,101.825,102.37,0.67,102.37,3342.0,1269.0
2014-05-13,100.6,102.075,100.35,101.7,1.11,101.7,3961.0,1194.0
2014-05-12,100.025,100.925,99.875,100.59,0.6,100.59,3983.0,1594.0
2014-05-09,100.25,101.15,99.7,99.99,0.27,99.99,5843.0,1403.0
2014-05-08,100.775,100.95,99.85,100.26,0.51,100.26,4630.0,1572.0
2014-05-07,99.825,101.0,99.775,100.77,1.27,100.77,5380.0,1556.0
2014-05-06,99.425,100.425,99.325,99.5,0.02,99.5,5743.0,1772.0
2014-05-05,99.95,100.875,98.925,99.48,0.28,99.48,5271.0,1770.0
2014-05-02,99.2,100.15,99.2,99.76,0.34,99.76,4115.0,2044.0
2014-05-01,99.7,99.875,98.75,99.42,0.32,99.42,5266.0,2337.0
2014-04-30,100.775,100.775,99.35,99.74,1.54,99.74,7096.0,2501.0
2014-04-29,100.85,102.2,100.725,101.28,0.44,101.28,5830.0,2563.0
2014-04-28,100.25,101.525,100.25,100.84,0.24,100.84,6549.0,2672.0
2014-04-25,101.925,102.05,100.5,100.6,1.34,100.6,4741.0,2815.0
2014-04-24,101.5,102.35,101.4,101.94,0.5,101.94,4886.0,2931.0
2014-04-23,101.9,102.1,101.2,101.44,0.31,101.44,6156.0,2968.0
2014-04-22,103.625,103.65,101.525,101.75,1.9,101.75,8622.0,3221.0
2014-04-21,103.65,103.875,102.95,103.65,0.28,103.65,5201.0,2321.0
2014-04-17,103.825,104.775,103.55,104.3,0.54,104.3,4774.0,3023.0
2014-04-16,103.825,105.0,103.125,103.76,0.01,103.76,6396.0,3332.0
2014-04-15,103.6,104.025,102.9,103.75,0.3,103.75,4185.0,3376.0
2014-04-14,103.65,104.55,103.35,104.05,0.31,104.05,4343.0,3398.0
2014-04-11,103.35,104.425,103.0,103.74,0.34,103.74,4869.0,3311.0
2014-04-10,103.4,103.825,103.125,103.4,0.2,103.4,4141.0,3257.0
2014-04-09,102.325,103.775,102.05,103.6,1.04,103.6,6198.0,2854.0
2014-04-08,100.7,102.7,100.675,102.56,2.12,102.56,7744.0,2265.0
2014-04-07,101.0,101.325,99.9,100.44,0.7,100.44,5121.0,2187.0
2014-04-04,100.4,101.625,100.3,101.14,0.85,101.14,4319.0,2171.0
2014-04-03,99.3,100.5,99.1,100.29,0.67,100.29,5194.0,1958.0
2014-04-02,99.675,99.8,98.85,99.62,0.12,99.62,6270.0,2284.0
2014-04-01,101.5,101.525,99.3,99.74,1.84,99.74,6529.0,2713.0
2014-03-31,101.575,101.95,100.875,101.58,0.09,101.58,5066.0,2887.0
2014-03-28,101.325,102.225,101.2,101.67,0.39,101.67,4840.0,2690.0
2014-03-27,100.275,101.7,100.05,101.28,1.02,101.28,4299.0,2417.0
2014-03-26,99.2,100.45,99.125,100.26,1.07,100.26,5911.0,1939.0
2014-03-25,99.425,100.25,98.8,99.19,0.41,99.19,6553.0,1657.0
2014-03-24,99.45,100.275,99.05,99.6,0.14,99.6,4479.0,1580.0
2014-03-21,98.675,100.25,98.275,99.46,0.56,99.46,5409.0,1336.0
2014-03-20,99.15,99.45,98.075,98.9,0.27,98.9,6147.0,1341.0
2014-03-19,98.575,99.25,98.35,99.17,0.29,99.17,5146.0,1016.0
2014-03-18,98.025,99.775,97.75,99.7,1.62,99.7,2251.0,2068.0
2014-03-17,99.35,99.4,97.375,98.08,0.81,98.08,5296.0,2203.0
2014-03-14,98.2,99.275,98.05,98.89,0.69,98.89,5892.0,2197.0
2014-03-13,98.1,98.6,97.675,98.2,0.21,98.2,5978.0,2395.0
2014-03-12,99.5,99.575,97.55,97.99,2.04,97.99,9437.0,2462.0
2014-03-11,100.925,101.5,99.35,100.03,1.09,100.03,7337.0,2300.0
2014-03-07,101.9,102.9,101.575,102.58,1.02,102.58,5304.0,2315.0
2014-03-06,101.0,102.05,100.15,101.56,0.11,101.56,6850.0,2383.0
2014-03-05,103.325,103.525,100.825,101.45,1.88,101.45,7459.0,2305.0
